Local Authority territorial CO2 emissions estimates 2005-2019 (kt CO2) - Full dataset,,,,,,,,,,,,,,,,,,,,,,,,,,,,,,,,,,,,,,,,
Region/Country,Second Tier Authority,Local Authority,Code,Year,Industry Electricity,Industry Gas ,Industry 'Other Fuels',Large Industrial Installations,Agriculture,Industry Total,Commercial Electricity,Commercial Gas ,Commercial 'Other Fuels',Commercial Total,Public Sector Electricity,Public Sector Gas ,Public Sector 'Other Fuels',Public Sector Total,Domestic Electricity,Domestic Gas,Domestic 'Other Fuels',Domestic Total,Road Transport (A roads),Road Transport (Motorways),Road Transport (Minor roads),Diesel Railways,Transport Other,Transport Total,Net Emissions: Forest land,Net Emissions: Cropland,Net Emissions: Grassland,Net Emissions: Wetlands,Net Emissions: Settlements,Net Emissions: Harvested Wood Products,LULUCF Net Emissions,Grand Total,"Population                                              ('000s, mid-year estimate)",Per Capita Emissions (t),Area (km2),Emissions per km2 (kt)
North East,Darlington,Darlington,E06000005,2019,17.8,64.8,23.9,0.1,6.0,112.5,27.8,17.1,0.3,45.1,11.4,14.1,0.1,25.6,33.7,122.5,6.3,162.5,65.1,37.8,76.7,5.3,3.0,187.9,-5.2,5.4,-8.9,0.0,3.7,0.0,-5.0,528.5,106.8,4.9,197.5,2.7
North East,Durham,County Durham,E06000047,2019,110.9,86.7,130.7,10.9,46.0,385.2,82.8,70.1,1.7,154.6,37.7,64.7,0.5,102.9,155.2,590.9,78.7,824.8,391.4,194.6,336.9,27.0,5.1,954.9,-110.6,56.6,-6.1,-10.1,22.4,0.0,-47.8,"2,374.7",530.1,4.5,"2,232.6",1.1
North East,Gateshead,Gateshead,E08000037,2019,45.8,76.1,35.2,4.8,1.5,163.4,49.1,35.5,0.4,84.9,16.0,32.5,0.0,48.5,57.8,226.1,7.6,291.5,204.7,34.7,209.0,2.9,2.3,453.6,-8.0,4.6,-5.9,0.0,1.8,0.0,-7.6,"1,034.3",202.1,5.1,144.1,7.2
North East,Hartlepool,Hartlepool,E06000001,2019,30.7,25.8,13.8,177.7,1.9,249.9,26.8,14.8,0.1,41.7,7.8,15.2,0.0,23.1,27.2,100.7,3.2,131.1,76.2,0.0,62.5,0.6,0.3,139.6,-1.9,2.5,-3.9,0.0,2.0,0.0,-1.3,584.2,93.7,6.2,98.3,5.9
North East,Middlesbrough,Middlesbrough,E06000002,2019,17.1,16.9,12.3,0.1,0.6,47.1,25.3,16.6,0.1,41.9,12.9,24.3,0.0,37.3,38.8,147.0,3.0,188.7,137.5,0.0,144.5,1.5,1.5,285.0,-2.3,1.7,-2.3,0.0,0.9,0.0,-2.0,597.9,141.0,4.2,54.6,11.0
North East,Newcastle upon Tyne,Newcastle upon Tyne,E08000021,2019,30.0,36.7,24.5,8.4,1.4,101.2,99.1,74.2,0.4,173.7,36.8,92.9,0.2,129.9,82.5,301.7,7.8,392.0,197.3,12.1,203.8,3.0,16.2,432.4,-3.6,4.8,-2.2,0.0,1.5,0.0,0.6,"1,229.8",302.8,4.1,115.1,10.7
North East,North Tyneside,North Tyneside,E08000022,2019,38.1,43.7,19.1,0.0,0.8,101.9,45.2,47.2,0.3,92.6,10.0,22.1,0.1,32.2,60.5,242.5,4.2,307.2,148.7,0.0,141.4,3.5,1.6,295.2,-2.2,2.4,-3.4,0.0,1.3,0.0,-1.9,827.2,207.9,4.0,84.8,9.8
North East,Northumberland,Northumberland,E06000057,2019,86.8,108.4,78.3,2.6,129.0,405.0,86.7,47.2,2.8,136.7,21.4,25.6,0.7,47.6,112.8,331.2,99.7,543.7,441.6,0.0,179.2,26.4,3.3,650.5,"-1,241.2",211.1,-144.9,7.3,65.6,0.0,"-1,102.1",681.3,322.4,2.1,"5,077.5",0.1
North East,Redcar and Cleveland,Redcar and Cleveland,E06000003,2019,51.2,206.2,30.5,"1,664.8",4.9,"1,957.5",57.6,49.9,0.4,107.9,13.9,20.3,0.1,34.3,40.4,146.7,7.8,194.9,95.5,0.0,104.1,2.5,1.1,203.2,-9.6,6.1,-7.8,0.0,4.2,0.0,-7.1,"2,490.7",137.2,18.2,253.8,9.8
North East,South Tyneside,South Tyneside,E08000023,2019,17.9,7.4,19.4,0.0,0.5,45.3,17.6,17.0,0.1,34.7,6.9,15.8,0.1,22.8,41.7,165.7,7.7,215.1,91.2,0.2,81.7,1.7,0.9,175.7,-1.7,1.9,-2.8,0.0,1.1,0.0,-1.4,492.2,151.0,3.3,67.1,7.3
North East,Stockton-on-Tees,Stockton-on-Tees,E06000004,2019,98.9,117.5,48.1,"1,691.9",4.0,"1,960.4",80.2,31.4,0.5,112.1,30.2,8.0,0.1,38.3,56.3,209.2,7.5,272.9,211.6,0.0,131.4,5.7,4.0,352.6,-6.3,5.8,-8.3,0.0,3.7,0.0,-5.1,"2,731.3",197.3,13.8,209.7,13.0
North East,Sunderland,Sunderland,E08000024,2019,68.2,67.6,58.7,0.2,1.5,196.2,72.1,45.0,0.2,117.3,27.1,31.0,0.1,58.1,78.9,313.1,19.4,411.5,192.2,11.5,196.9,0.6,2.2,403.5,-9.9,5.2,-6.1,0.0,2.1,0.0,-8.7,"1,177.9",277.7,4.2,139.6,8.4
North West,Blackburn with Darwen,Blackburn with Darwen,E06000008,2019,46.5,40.6,31.8,80.8,2.2,202.0,24.4,24.2,0.2,48.9,8.7,22.3,0.0,31.1,42.2,158.1,9.0,209.3,43.9,44.5,68.4,1.0,3.2,161.1,-7.4,2.4,3.7,-1.8,2.5,0.0,-0.5,651.8,149.7,4.4,137.0,4.8
North West,Blackpool,Blackpool,E06000009,2019,15.0,6.8,9.5,0.0,0.3,31.5,35.1,30.5,0.2,65.8,10.5,32.1,0.3,42.9,47.6,152.8,3.4,203.8,38.9,0.4,82.7,0.7,3.4,126.0,-0.4,0.6,-0.3,0.0,1.4,0.0,1.3,471.4,139.4,3.4,43.2,10.9
North West,Bolton,Bolton,E08000001,2019,56.4,25.3,54.7,5.8,1.9,144.2,40.2,47.8,0.3,88.3,9.8,28.3,0.0,38.1,87.4,301.2,13.5,402.1,130.5,172.9,229.9,6.5,3.0,542.7,-6.3,3.3,-2.4,-0.1,2.6,0.0,-2.9,"1,212.5",287.6,4.2,139.8,8.7
North West,Bury,Bury,E08000002,2019,30.5,24.1,21.6,0.0,1.6,77.7,30.8,27.4,0.2,58.4,8.6,22.0,0.0,30.6,59.9,211.8,7.9,279.6,68.0,188.1,148.3,0.0,2.3,406.6,-3.4,2.1,-2.2,-0.1,1.8,0.0,-1.8,851.2,191.0,4.5,99.5,8.6
North West,Cheshire,Cheshire East,E06000049,2019,95.3,157.2,116.2,14.4,49.8,432.8,98.4,99.3,3.3,201.0,17.3,43.2,0.6,61.1,141.5,431.9,84.4,657.8,345.1,476.9,237.6,16.6,77.1,"1,153.4",-31.8,41.4,-23.8,2.4,21.3,0.0,9.5,"2,515.5",384.2,6.5,"1,166.4",2.2
North West,Cheshire,Cheshire West and Chester,E06000050,2019,130.7,107.8,169.0,"1,554.5",38.5,"2,000.5",161.5,138.9,2.7,303.0,29.3,56.6,0.9,86.8,116.5,347.8,55.7,520.0,361.6,289.8,208.3,9.7,54.4,923.9,-26.4,44.6,-16.8,0.6,20.4,0.0,22.5,"3,856.8",343.1,11.2,941.2,4.1
North West,Cumbria,Allerdale,E07000026,2019,31.4,109.0,32.7,2.0,48.0,223.0,22.5,19.0,1.2,42.7,3.5,9.4,0.4,13.3,35.4,101.7,40.5,177.6,106.8,0.0,61.9,1.6,0.9,171.2,-51.7,45.0,-7.3,1.7,21.2,0.0,8.8,636.6,97.8,6.5,"1,319.0",0.5
North West,Cumbria,Barrow-in-Furness,E07000027,2019,25.7,34.8,92.4,4.8,1.6,159.3,32.2,20.6,0.2,52.9,14.4,13.3,0.1,27.9,21.2,71.6,4.0,96.7,19.0,0.0,19.5,0.8,0.2,39.5,-1.5,2.0,4.3,-0.4,2.7,0.0,7.2,383.4,67.0,5.7,132.1,2.9
North West,Cumbria,Carlisle,E07000028,2019,35.2,39.7,35.4,0.0,41.6,151.9,36.6,35.7,0.9,73.2,7.6,17.3,0.3,25.2,38.0,113.8,36.9,188.8,83.8,123.0,61.0,9.0,5.2,281.9,-257.4,86.5,-42.6,33.2,18.9,0.0,-161.4,559.5,108.7,5.1,"1,056.1",0.5
North West,Cumbria,Copeland,E07000029,2019,10.1,1.9,12.8,0.0,15.1,39.8,8.4,4.9,0.3,13.6,2.7,5.2,0.2,8.1,24.8,75.3,15.0,115.1,41.3,0.0,28.8,2.0,1.2,73.3,-54.4,12.9,-0.5,-4.6,16.8,0.0,-29.9,220.0,68.2,3.2,775.7,0.3
North West,Cumbria,Eden,E07000030,2019,22.8,69.4,32.9,196.3,64.8,386.2,25.8,11.4,1.8,39.0,3.4,5.2,0.5,9.1,25.0,30.5,58.9,114.4,135.7,264.1,60.5,7.4,2.0,469.7,-58.1,39.0,6.5,-45.1,16.5,0.0,-41.1,977.3,53.3,18.4,"2,156.5",0.5
North West,Cumbria,South Lakeland,E07000031,2019,27.7,81.2,43.4,0.7,41.5,194.5,38.6,19.8,1.9,60.3,4.6,7.1,0.3,12.1,46.9,109.1,41.9,197.8,160.8,128.1,72.1,4.9,5.1,370.9,-117.7,39.9,86.6,-5.1,22.8,0.0,26.5,862.2,105.1,8.2,"1,743.4",0.5
North West,Halton,Halton,E06000006,2019,47.7,54.0,37.6,49.0,1.2,189.5,41.8,28.1,0.5,70.4,10.2,11.2,0.2,21.7,38.0,122.8,7.1,168.0,126.3,50.4,79.2,17.6,2.2,275.7,-2.6,3.7,-2.6,-0.1,2.0,0.0,0.4,725.7,129.4,5.6,90.3,8.0
North West,Knowsley,Knowsley,E08000011,2019,44.6,66.5,34.0,0.2,1.6,146.9,38.4,15.5,0.3,54.2,14.5,11.2,0.1,25.8,44.2,143.4,7.8,195.4,80.8,130.5,164.8,5.8,2.1,383.8,-2.9,8.4,-2.7,0.0,2.0,0.0,4.8,810.9,150.9,5.4,86.5,9.4
North West,Lancashire,Burnley,E07000117,2019,21.5,17.5,17.6,0.1,1.6,58.3,18.6,27.2,0.1,46.0,3.9,22.2,0.0,26.2,27.2,100.5,8.5,136.2,46.7,32.5,46.5,0.7,3.6,130.0,-3.7,1.6,1.9,-1.5,1.1,0.0,-0.6,396.2,88.9,4.5,110.7,3.6
North West,Lancashire,Chorley,E07000118,2019,16.7,9.3,11.8,0.8,5.9,44.4,19.4,22.0,0.5,41.9,4.8,25.5,0.1,30.4,37.4,122.7,15.9,176.0,43.0,236.3,64.5,4.7,5.9,354.5,-7.9,15.2,-4.2,-2.1,3.7,0.0,4.6,651.9,118.2,5.5,202.9,3.2
North West,Lancashire,Fylde,E07000119,2019,23.7,14.8,39.0,0.6,6.8,84.9,17.8,13.3,0.2,31.3,4.0,7.8,0.1,11.9,30.4,95.1,5.5,131.0,52.6,49.2,58.6,6.6,10.1,177.1,-2.2,38.0,10.6,0.0,3.9,0.0,50.2,486.2,80.8,6.0,182.6,2.7
North West,Lancashire,Hyndburn,E07000120,2019,20.5,31.3,17.6,6.8,1.7,77.9,12.2,14.0,0.1,26.3,3.0,6.5,0.0,9.5,23.8,90.1,7.9,121.9,39.0,54.4,48.9,0.4,4.1,146.8,-3.7,1.1,-1.8,-0.1,1.3,0.0,-3.2,379.1,81.0,4.7,73.0,5.2
North West,Lancashire,Lancaster,E07000121,2019,19.6,44.3,22.0,6.0,20.3,112.2,33.1,16.5,0.6,50.2,12.1,24.0,0.2,36.2,45.9,137.0,20.7,203.6,74.0,159.5,117.8,4.4,10.9,366.6,-26.5,22.6,55.1,-5.0,10.7,0.0,57.0,825.9,146.0,5.7,654.0,1.3
North West,Lancashire,Pendle,E07000122,2019,31.8,22.9,29.0,0.0,5.6,89.4,12.1,12.7,0.2,25.0,2.7,7.0,0.0,9.8,27.2,104.1,14.1,145.4,34.2,26.7,76.1,1.4,5.2,143.7,-4.5,3.0,-0.8,-0.8,1.8,0.0,-1.2,411.9,92.1,4.5,169.4,2.4
North West,Lancashire,Preston,E07000123,2019,23.4,10.3,40.3,0.0,5.7,79.7,31.8,27.1,0.6,59.5,12.2,32.9,0.1,45.2,43.8,143.0,12.8,199.6,47.9,163.2,103.5,2.7,4.4,321.8,-2.2,3.0,-2.9,0.0,2.7,0.0,0.6,706.3,143.1,4.9,142.9,4.9
North West,Lancashire,Ribble Valley,E07000124,2019,36.4,33.5,27.1,560.6,21.3,678.9,25.5,7.8,0.8,34.1,4.8,4.0,0.3,9.1,23.2,65.5,18.4,107.1,49.4,0.0,70.8,2.3,0.7,123.2,-36.0,9.6,-7.0,-4.3,8.1,0.0,-29.5,922.9,60.9,15.2,584.5,1.6
North West,Lancashire,Rossendale,E07000125,2019,25.6,32.6,19.5,0.0,1.8,79.5,10.5,9.5,0.1,20.0,2.1,4.3,0.0,6.4,23.7,86.2,9.7,119.6,64.9,3.0,50.0,0.0,1.0,118.8,-5.0,2.4,5.7,-2.2,1.8,0.0,2.7,347.1,71.5,4.9,138.0,2.5
North West,Lancashire,South Ribble,E07000126,2019,30.8,31.7,132.6,0.0,3.7,198.8,23.2,16.4,0.3,39.9,4.5,6.5,0.1,11.1,35.7,118.6,12.0,166.2,56.8,112.4,71.9,1.0,1.2,243.2,-2.1,6.9,-2.9,0.0,2.0,0.0,3.9,663.1,110.8,6.0,114.6,5.8
North West,Lancashire,West Lancashire,E07000127,2019,36.8,48.6,42.8,30.5,13.0,171.7,33.1,51.4,1.0,85.5,8.9,22.2,0.1,31.2,38.5,117.4,20.1,176.1,71.3,58.8,90.5,1.8,7.5,229.9,-15.2,231.8,4.0,3.3,6.9,0.0,230.8,925.2,114.3,8.1,381.4,2.4
North West,Lancashire,Wyre,E07000128,2019,28.0,50.9,34.0,0.0,12.3,125.3,31.0,16.6,0.4,48.0,5.4,7.7,0.1,13.2,38.5,120.9,13.7,173.1,48.0,81.3,92.0,1.4,10.9,233.5,-5.3,63.4,28.6,-0.1,7.0,0.0,93.5,686.5,112.1,6.1,328.8,2.1
North West,Liverpool,Liverpool,E08000012,2019,49.2,110.4,28.3,0.1,0.9,189.0,141.5,87.4,1.3,230.2,51.5,114.8,0.1,166.5,141.1,449.1,14.3,604.4,205.8,4.6,371.7,9.5,17.0,608.6,-2.8,2.3,-4.2,0.0,3.1,0.0,-1.6,"1,797.0",498.0,3.6,133.5,13.5
North West,Manchester,Manchester,E08000003,2019,80.6,44.7,39.5,7.5,0.4,172.7,226.2,132.9,2.9,362.0,61.4,110.9,0.4,172.7,164.2,423.5,11.4,599.1,188.4,152.2,325.2,7.6,43.4,716.8,-4.4,2.4,-4.0,0.0,2.4,0.0,-3.5,"2,019.8",552.9,3.7,115.6,17.5
North West,Oldham,Oldham,E08000004,2019,45.6,20.6,43.7,5.8,1.1,116.8,34.0,38.2,0.2,72.4,8.6,24.1,0.0,32.7,65.6,236.2,9.2,311.0,95.6,44.6,114.3,3.3,2.0,259.8,-2.8,2.3,-20.1,-1.6,2.0,0.0,-20.1,772.6,237.1,3.3,142.3,5.4
North West,Rochdale,Rochdale,E08000005,2019,59.3,31.9,31.3,0.0,1.8,124.3,31.8,31.3,0.2,63.2,8.7,19.8,0.0,28.5,65.1,223.6,11.0,299.8,87.7,231.0,118.5,2.3,2.7,442.3,-3.1,2.9,-1.7,-2.0,2.4,0.0,-1.6,956.5,222.4,4.3,158.1,6.0
North West,Salford,Salford,E08000006,2019,44.0,29.9,26.8,5.4,1.4,107.6,57.2,61.1,0.5,118.9,18.5,37.2,0.1,55.9,87.9,231.0,10.4,329.3,133.2,269.6,160.4,6.5,2.9,572.6,-4.5,42.4,1.6,17.0,1.7,0.0,58.2,"1,242.5",258.8,4.8,97.2,12.8
North West,Sefton,Sefton,E08000014,2019,22.1,27.0,15.9,152.8,2.0,219.9,43.6,118.1,0.2,161.9,19.3,81.7,0.1,101.1,86.7,306.2,15.3,408.1,114.1,31.3,131.6,9.2,3.4,289.5,-7.3,17.4,0.0,0.0,4.0,0.0,14.2,"1,194.6",276.4,4.3,202.8,5.9
North West,St. Helens,St. Helens,E08000013,2019,44.7,70.5,20.4,185.4,2.5,323.5,40.7,105.3,0.4,146.4,11.3,46.2,0.1,57.6,54.1,187.7,14.4,256.2,97.3,132.7,87.5,15.1,1.5,334.0,-5.2,21.4,-4.0,0.0,3.1,0.0,15.2,"1,132.8",180.6,6.3,136.4,8.3
North West,Stockport,Stockport,E08000007,2019,49.2,58.8,36.1,0.1,1.9,146.0,49.3,37.4,0.4,87.1,13.0,23.1,0.1,36.1,96.0,340.8,10.9,447.7,135.8,134.7,198.8,5.9,6.0,481.3,-4.7,2.3,-4.0,0.0,2.5,0.0,-4.0,"1,194.3",293.4,4.1,126.0,9.5
North West,Tameside,Tameside,E08000008,2019,48.7,33.6,36.2,6.2,1.0,125.7,28.4,28.4,0.2,56.9,7.8,21.3,0.0,29.1,68.7,235.7,9.3,313.7,74.5,91.5,109.7,6.4,3.8,286.0,-3.6,3.1,-2.8,-0.1,2.0,0.0,-1.4,810.1,226.5,3.6,103.2,7.9
North West,Trafford,Trafford,E08000009,2019,67.4,207.1,50.9,178.2,1.4,505.1,118.7,77.3,0.6,196.6,20.1,15.7,0.0,35.9,76.4,266.9,7.4,350.6,81.8,103.3,180.8,2.4,2.0,370.3,-2.5,12.1,-2.3,0.0,1.8,0.0,9.0,"1,467.6",237.4,6.2,106.0,13.8
North West,Warrington,Warrington,E06000007,2019,44.9,137.0,39.7,4.9,3.7,230.1,62.6,53.6,1.1,117.3,12.4,20.3,0.1,32.8,64.4,218.7,11.4,294.6,113.8,386.1,148.6,10.9,3.1,662.5,-4.9,21.2,-5.6,0.0,3.3,0.0,14.1,"1,351.4",210.0,6.4,182.4,7.4
North West,Wigan,Wigan,E08000010,2019,57.1,67.1,39.4,7.8,2.7,174.1,55.0,36.6,0.3,91.9,16.9,28.3,0.1,45.2,98.9,323.5,37.9,460.2,134.6,147.3,186.3,8.5,8.9,485.6,-7.9,9.1,-4.9,0.9,3.5,0.0,0.6,"1,257.7",328.7,3.8,188.2,6.7
North West,Wirral,Wirral,E08000015,2019,35.6,74.3,27.1,0.0,3.1,140.2,50.3,47.6,0.3,98.2,19.0,42.2,0.1,61.3,101.7,354.5,14.2,470.4,121.9,111.8,202.8,0.2,2.3,439.1,-3.4,3.3,-5.6,-0.1,4.5,0.0,-1.3,"1,207.9",324.0,3.7,253.2,4.8
Yorkshire and the Humber,Barnsley,Barnsley,E08000016,2019,60.7,147.8,74.5,47.8,7.0,337.8,47.4,29.5,0.6,77.6,11.6,18.9,0.1,30.7,73.0,264.1,66.5,403.6,144.1,145.4,192.5,4.6,2.3,488.9,-17.2,6.7,-9.8,-2.1,5.3,0.0,-17.1,"1,321.6",246.9,5.4,329.1,4.0
Yorkshire and the Humber,Bradford,Bradford,E08000032,2019,106.1,154.0,93.9,21.2,7.0,382.2,75.9,103.0,0.7,179.6,25.1,69.3,0.1,94.6,151.8,584.3,23.0,759.1,212.1,7.5,406.2,1.6,9.3,636.6,-13.1,6.8,-4.0,-2.7,4.3,0.0,-8.8,"2,043.2",539.8,3.8,366.4,5.6
Yorkshire and the Humber,Calderdale,Calderdale,E08000033,2019,56.0,52.8,65.3,2.8,4.8,181.7,33.5,30.3,0.4,64.2,8.0,17.9,0.0,26.0,68.5,246.3,15.0,329.9,111.9,162.0,134.3,4.2,6.9,419.4,-12.3,6.5,4.5,-7.8,4.2,0.0,-4.9,"1,016.3",211.5,4.8,364.0,2.8
Yorkshire and the Humber,Doncaster,Doncaster,E08000017,2019,69.6,140.4,59.1,30.7,12.9,312.7,85.6,55.4,1.1,142.1,24.4,35.4,0.2,60.0,92.2,327.7,78.2,498.1,194.0,426.6,270.9,24.6,17.4,933.5,-22.3,63.4,-18.8,26.4,10.3,0.0,59.0,"2,005.4",311.9,6.4,568.6,3.5
Yorkshire and the Humber,East Riding of Yorkshire,East Riding of Yorkshire,E06000011,2019,105.0,115.4,145.6,525.0,70.3,961.2,91.5,102.1,2.4,196.0,19.4,42.6,0.8,62.8,118.0,355.6,77.6,551.2,345.8,170.6,281.7,12.9,9.4,820.3,-42.2,198.1,-73.7,5.2,53.0,0.0,140.5,"2,731.9",341.2,8.0,"2,495.1",1.1
Yorkshire and the Humber,"Kingston upon Hull, City of","Kingston upon Hull, City of",E06000010,2019,82.0,93.5,82.0,0.2,0.7,258.4,51.8,44.6,0.4,96.9,18.0,35.6,0.1,53.7,75.9,252.5,4.7,333.0,100.3,0.0,239.2,0.7,1.8,342.0,-0.5,1.6,-2.9,0.0,2.2,0.0,0.4,"1,084.4",259.8,4.2,81.5,13.3
Yorkshire and the Humber,Kirklees,Kirklees,E08000034,2019,96.5,152.9,95.4,0.0,7.9,352.7,58.4,75.1,0.5,134.0,15.9,50.0,0.1,65.9,128.5,494.3,28.5,651.3,175.9,244.7,256.2,11.2,7.3,695.4,-13.5,7.5,-8.0,-4.3,5.6,0.0,-12.7,"1,886.7",439.8,4.3,408.6,4.6
Yorkshire and the Humber,Leeds,Leeds,E08000035,2019,153.2,130.3,103.2,87.7,9.8,484.2,212.2,168.4,1.5,382.1,56.5,125.0,0.3,181.8,247.9,825.6,27.5,"1,101.0",407.7,693.5,602.4,16.1,26.3,"1,745.9",-18.2,14.0,-24.5,0.0,9.0,0.0,-19.7,"3,875.2",793.1,4.9,551.7,7.0
Yorkshire and the Humber,North East Lincolnshire,North East Lincolnshire,E06000012,2019,50.7,144.5,43.1,315.7,4.2,558.2,56.2,48.9,0.7,105.8,14.2,33.5,0.1,47.8,49.3,165.6,6.4,221.3,110.5,0.0,132.7,2.2,1.3,246.6,-2.9,3.8,-6.4,0.0,4.8,0.0,-0.8,"1,178.9",159.6,7.4,202.7,5.8
Yorkshire and the Humber,North Lincolnshire,North Lincolnshire,E06000013,2019,105.5,116.2,81.4,"5,568.0",22.0,"5,893.1",76.3,30.2,1.3,107.8,16.8,11.8,0.3,28.8,53.2,172.4,32.5,258.0,155.8,172.3,127.7,14.1,9.5,479.3,-29.3,131.8,-25.1,28.0,17.8,0.0,123.1,"6,890.3",172.3,40.0,875.7,7.9
Yorkshire and the Humber,North Yorkshire,Craven,E07000163,2019,14.1,6.8,26.2,0.0,29.2,76.2,14.4,11.3,0.8,26.5,1.8,4.0,0.3,6.0,23.0,60.0,18.9,102.0,77.9,0.0,51.6,3.9,9.5,142.9,-29.8,18.6,22.1,-15.7,10.6,0.0,5.7,359.4,57.1,6.3,"1,178.8",0.3
Yorkshire and the Humber,North Yorkshire,Hambleton,E07000164,2019,24.4,42.1,46.3,0.9,41.1,154.7,28.6,14.6,1.6,44.8,7.0,9.5,0.6,17.2,35.4,68.5,56.0,159.9,210.3,98.5,78.6,19.4,4.2,411.1,-46.8,52.4,-40.2,-0.4,20.1,0.0,-14.7,772.9,91.6,8.4,"1,311.2",0.6
Yorkshire and the Humber,North Yorkshire,Harrogate,E07000165,2019,34.4,10.6,55.0,1.8,37.1,139.0,60.3,40.6,2.3,103.1,9.3,26.0,0.5,35.9,61.3,177.1,45.0,283.4,136.2,258.2,118.3,2.4,4.5,519.6,-40.6,33.7,-33.7,-4.5,18.7,0.0,-26.3,"1,054.6",160.8,6.6,"1,309.1",0.8
Yorkshire and the Humber,North Yorkshire,Richmondshire,E07000166,2019,8.1,3.2,20.7,0.0,27.5,59.5,16.6,15.0,1.3,32.9,2.1,7.7,0.3,10.0,20.3,34.9,32.9,88.1,48.7,111.7,62.1,0.5,3.2,226.2,-30.7,20.5,1.9,-16.2,11.4,0.0,-13.1,403.5,53.7,7.5,"1,318.7",0.3
Yorkshire and the Humber,North Yorkshire,Ryedale,E07000167,2019,28.8,15.8,41.4,0.1,39.3,125.5,14.5,13.0,1.5,28.9,1.7,22.5,0.6,24.8,22.5,37.1,40.3,99.9,106.4,0.0,81.2,2.6,3.1,193.3,-84.5,48.0,-55.0,-0.5,25.6,0.0,-66.4,406.0,55.4,7.3,"1,506.6",0.3
Yorkshire and the Humber,North Yorkshire,Scarborough,E07000168,2019,19.4,39.1,23.5,0.1,17.8,99.8,33.7,20.4,1.2,55.3,6.7,13.1,0.2,20.0,41.0,119.6,22.5,183.1,78.4,0.0,61.9,6.3,2.4,149.0,-56.4,17.5,-18.4,17.2,16.7,0.0,-23.4,483.9,108.8,4.4,825.5,0.6
Yorkshire and the Humber,North Yorkshire,Selby,E07000169,2019,35.1,159.8,60.6,20.2,15.2,291.0,24.6,14.4,1.1,40.1,4.3,4.6,0.5,9.4,31.8,76.2,34.5,142.5,149.3,104.2,44.8,13.9,11.3,323.5,-23.5,17.6,-28.3,0.0,11.3,0.0,-22.9,783.5,90.6,8.6,602.2,1.3
Yorkshire and the Humber,Rotherham,Rotherham,E08000018,2019,65.2,103.6,45.3,149.3,5.1,368.5,50.1,78.2,0.3,128.5,16.0,41.8,0.1,57.9,77.1,284.5,42.8,404.3,141.1,269.3,218.3,11.0,6.1,645.7,-16.9,6.5,-11.6,0.0,5.2,0.0,-16.7,"1,588.2",265.4,6.0,286.5,5.5
Yorkshire and the Humber,Sheffield,Sheffield,E08000019,2019,110.7,133.3,69.6,74.1,4.1,391.9,129.7,116.3,0.6,246.6,47.4,87.4,0.2,135.0,158.6,585.8,23.3,767.7,223.1,90.3,376.7,7.4,4.2,701.7,-25.8,6.0,-9.1,-1.6,5.1,0.0,-25.4,"2,217.6",584.9,3.8,367.9,6.0
Yorkshire and the Humber,Wakefield,Wakefield,E08000036,2019,112.7,265.4,56.4,41.9,5.7,482.2,92.4,90.9,1.0,184.3,33.5,51.5,0.4,85.4,103.8,367.4,31.1,502.2,227.9,313.9,222.6,13.9,10.5,788.9,-15.4,8.4,-15.2,0.0,5.9,0.0,-16.3,"2,026.6",348.3,5.8,338.6,6.0
Yorkshire and the Humber,York,York,E06000014,2019,17.2,33.1,19.8,0.1,6.3,76.5,56.3,47.7,0.5,104.5,16.8,24.3,0.2,41.3,63.5,208.5,12.2,284.1,165.8,0.0,132.6,7.1,4.3,309.8,-7.8,7.8,-13.2,0.0,4.5,0.0,-8.6,807.6,210.6,3.8,272.0,3.0
East Midlands,Derby,Derby,E06000015,2019,51.2,41.9,60.0,48.3,0.9,202.3,60.8,46.7,0.3,107.8,21.0,31.2,0.1,52.3,76.3,255.8,8.5,340.5,150.6,0.0,204.5,9.1,2.3,366.5,-2.2,2.0,-3.4,0.0,1.4,0.0,-2.3,"1,067.1",257.3,4.1,78.0,13.7
East Midlands,Derbyshire,Amber Valley,E07000032,2019,44.1,34.2,69.8,0.0,9.2,157.3,23.4,37.4,0.4,61.1,5.6,18.7,0.2,24.5,43.6,144.2,21.6,209.3,123.6,0.0,85.3,12.4,2.0,223.2,-12.4,6.2,-10.7,0.0,4.3,0.0,-12.5,662.9,128.1,5.2,265.4,2.5
East Midlands,Derbyshire,Bolsover,E07000033,2019,32.4,12.1,17.6,395.9,3.5,461.6,15.8,17.4,0.3,33.5,4.5,8.5,0.1,13.1,25.0,87.5,44.8,157.4,51.9,222.4,49.4,2.3,1.3,327.5,-10.1,4.1,-7.4,0.0,3.2,0.0,-10.2,982.9,80.6,12.2,160.3,6.1
East Midlands,Derbyshire,Chesterfield,E07000034,2019,24.8,13.1,15.5,0.1,1.0,54.5,20.3,31.6,0.2,52.2,6.1,21.8,0.0,27.9,31.8,115.4,23.4,170.7,45.5,27.9,65.6,5.3,0.7,145.0,-5.3,1.5,-2.5,0.0,1.1,0.0,-5.3,444.9,104.9,4.2,66.0,6.7
East Midlands,Derbyshire,Derbyshire Dales,E07000035,2019,32.3,41.6,38.2,0.0,29.5,141.5,19.7,14.0,1.0,34.7,3.4,8.5,0.3,12.2,29.3,79.1,18.9,127.3,126.0,0.0,98.6,1.3,1.3,227.2,-43.4,16.0,-24.2,-1.3,10.7,0.0,-42.3,500.7,72.3,6.9,795.3,0.6
East Midlands,Derbyshire,Erewash,E07000036,2019,29.5,12.7,24.1,2.6,2.8,71.6,14.3,12.3,0.2,26.7,3.3,18.3,0.1,21.6,36.8,124.1,9.8,170.7,65.3,97.0,59.0,7.0,4.4,232.7,-4.0,2.6,-4.3,0.0,1.7,0.0,-4.0,519.4,115.4,4.5,109.6,4.7
East Midlands,Derbyshire,High Peak,E07000037,2019,89.8,74.5,128.3,"2,281.5",5.8,"2,580.0",29.0,35.4,0.3,64.8,6.2,13.3,0.1,19.7,31.8,109.5,7.7,149.0,81.2,0.0,71.0,5.4,1.7,159.4,-24.9,7.0,2.5,-9.8,5.9,0.0,-19.4,"2,953.4",92.7,31.9,540.3,5.5
East Midlands,Derbyshire,North East Derbyshire,E07000038,2019,30.0,13.0,23.6,0.0,6.8,73.3,20.5,11.6,0.3,32.4,4.8,5.2,0.2,10.1,32.8,119.7,17.8,170.3,68.0,73.8,84.4,6.6,1.2,234.0,-22.9,6.0,-8.4,0.0,4.2,0.0,-21.0,499.1,101.5,4.9,275.6,1.8
East Midlands,Derbyshire,South Derbyshire,E07000039,2019,42.8,43.9,28.4,0.1,11.3,126.6,24.4,19.4,0.5,44.3,5.3,6.0,0.3,11.7,35.4,102.5,25.4,163.3,233.3,0.0,63.1,14.7,15.9,327.1,-12.1,8.8,-15.4,0.0,6.2,0.0,-12.5,660.5,107.3,6.2,338.1,2.0
East Midlands,Leicester,Leicester,E06000016,2019,85.1,140.2,65.1,0.5,0.7,291.6,68.7,54.6,0.1,123.4,28.5,56.8,0.1,85.4,92.0,316.5,7.0,415.4,132.1,0.0,166.2,1.6,4.4,304.3,-3.1,1.8,-3.0,0.0,1.2,0.0,-3.1,"1,217.0",354.2,3.4,73.3,16.6
East Midlands,Leicestershire,Blaby,E07000129,2019,27.0,8.0,16.9,0.8,3.9,56.6,19.0,13.9,0.5,33.4,3.8,5.2,0.1,9.1,32.2,109.7,4.8,146.8,49.9,218.8,70.6,3.9,2.3,345.6,-3.2,3.2,-5.4,0.0,2.2,0.0,-3.3,588.2,101.5,5.8,130.5,4.5
East Midlands,Leicestershire,Charnwood,E07000130,2019,45.3,52.1,31.7,2.7,7.7,139.5,36.0,31.8,0.4,68.2,8.9,24.0,0.2,33.1,54.3,186.8,6.9,248.1,158.1,55.6,94.8,13.6,8.6,330.7,-10.1,6.4,-10.5,0.0,4.1,0.0,-10.2,809.4,185.9,4.4,279.0,2.9
East Midlands,Leicestershire,Harborough,E07000131,2019,18.3,4.0,24.6,0.0,21.0,67.9,19.0,19.6,0.9,39.5,2.2,7.5,0.1,9.8,34.4,98.0,15.0,147.4,81.9,154.1,79.0,2.8,5.0,322.8,-11.4,15.0,-25.3,0.0,9.3,0.0,-12.3,575.2,93.8,6.1,592.7,1.0
East Midlands,Leicestershire,Hinckley and Bosworth,E07000132,2019,27.2,23.6,49.1,29.7,9.1,138.7,21.0,11.9,0.6,33.5,3.2,3.3,0.2,6.6,38.5,117.7,11.6,167.8,75.7,105.3,84.7,1.9,10.2,277.8,-13.1,7.5,-13.1,0.0,5.2,0.0,-13.5,610.9,113.1,5.4,297.4,2.1
East Midlands,Leicestershire,Melton,E07000133,2019,24.7,18.3,21.2,0.0,16.1,80.3,10.2,10.8,0.7,21.7,1.8,3.9,0.2,5.9,19.3,49.0,11.1,79.3,41.6,0.0,68.0,3.4,0.6,113.6,-11.7,11.5,-18.1,0.0,5.3,0.0,-13.0,287.7,51.2,5.6,481.4,0.6
East Midlands,Leicestershire,North West Leicestershire,E07000134,2019,56.2,88.1,189.2,69.5,7.9,411.0,25.6,35.0,1.6,62.2,3.3,5.9,0.2,9.4,36.1,106.2,23.5,165.8,208.3,174.5,78.7,10.7,22.3,494.6,-12.2,6.3,-10.8,0.0,4.4,0.0,-12.2,"1,130.7",103.6,10.9,279.3,4.0
East Midlands,Leicestershire,Oadby and Wigston,E07000135,2019,11.0,4.6,13.3,0.0,0.4,29.2,7.6,8.3,0.1,16.0,1.8,4.8,0.0,6.6,16.7,64.4,1.3,82.5,10.1,0.0,28.3,1.3,1.0,40.7,-0.5,0.7,-1.2,0.0,0.5,0.0,-0.5,174.4,57.0,3.1,23.5,7.4
East Midlands,Lincolnshire,Boston,E07000136,2019,17.6,6.6,26.7,2.0,9.5,62.3,18.6,2.5,0.8,21.9,5.2,3.3,0.3,8.7,23.9,55.1,15.9,94.9,72.5,0.0,43.0,0.5,1.5,117.5,-0.1,11.2,-8.7,0.0,5.8,0.0,8.3,313.7,70.2,4.5,397.8,0.8
East Midlands,Lincolnshire,East Lindsey,E07000137,2019,34.5,7.2,47.2,1.1,49.9,139.9,43.3,20.8,2.0,66.2,5.2,9.4,0.5,15.1,58.1,99.3,67.5,224.9,150.0,0.0,119.6,0.9,3.8,274.2,-33.6,227.6,-48.1,0.0,28.1,0.0,174.0,894.2,141.7,6.3,"1,830.9",0.5
East Midlands,Lincolnshire,Lincoln,E07000138,2019,21.9,7.7,15.7,0.4,0.4,46.2,22.9,30.4,0.1,53.5,9.5,25.6,0.0,35.2,28.3,93.4,2.2,123.9,32.5,0.0,27.1,1.0,1.4,62.0,-1.3,2.5,-0.9,0.0,0.6,0.0,0.8,321.7,99.3,3.2,35.7,9.0
East Midlands,Lincolnshire,North Kesteven,E07000139,2019,24.4,3.2,37.7,0.1,30.0,95.5,25.9,14.9,1.0,41.8,6.0,15.0,0.5,21.5,41.9,96.5,33.8,172.2,156.9,0.0,75.1,2.8,4.4,239.3,-23.4,256.5,-19.5,-0.1,12.0,0.0,225.5,795.8,116.9,6.8,922.5,0.9
East Midlands,Lincolnshire,South Holland,E07000140,2019,38.5,22.0,30.5,0.2,20.1,111.2,29.7,13.1,1.5,44.3,3.0,4.0,0.2,7.2,35.4,73.5,31.6,140.5,104.5,0.0,79.6,5.8,0.9,190.7,-3.1,117.4,-17.0,0.0,11.9,0.0,109.2,603.1,95.0,6.3,815.5,0.7
East Midlands,Lincolnshire,South Kesteven,E07000141,2019,40.9,23.9,98.3,4.0,25.3,192.4,29.6,22.6,1.6,53.8,6.4,11.0,0.5,17.9,52.4,122.1,34.7,209.2,246.9,0.0,82.7,8.5,1.6,339.7,-31.0,115.6,-30.4,3.6,11.3,0.0,69.1,882.1,142.4,6.2,942.6,0.9
East Midlands,Lincolnshire,West Lindsey,E07000142,2019,25.6,8.8,42.5,0.0,33.5,110.3,17.9,17.1,0.8,35.7,3.6,9.1,0.3,13.0,34.6,83.7,34.4,152.7,134.5,0.0,74.9,6.8,5.6,221.8,-34.8,127.8,-32.3,0.0,19.7,0.0,80.3,613.8,95.7,6.4,"1,157.7",0.5
East Midlands,Northamptonshire,Corby,E07000150,2019,46.8,97.7,28.6,0.3,1.4,174.9,26.4,13.6,0.3,40.4,5.8,3.3,0.1,9.2,20.8,70.6,2.9,94.4,43.4,0.0,39.6,1.4,0.4,84.8,-6.6,1.9,-2.9,0.0,0.8,0.0,-6.8,396.7,72.2,5.5,80.3,4.9
East Midlands,Northamptonshire,Daventry,E07000151,2019,27.5,19.1,58.7,0.0,21.3,126.7,23.9,15.3,1.4,40.5,2.6,3.1,0.4,6.2,35.1,70.2,21.5,126.9,195.2,238.1,87.6,2.0,2.3,525.1,-10.0,17.2,-28.3,0.0,9.7,0.0,-11.4,814.0,86.0,9.5,665.6,1.2
East Midlands,Northamptonshire,East Northamptonshire,E07000152,2019,19.2,7.7,26.9,0.2,10.8,64.9,16.4,11.0,0.6,28.1,2.2,3.7,0.1,6.0,33.7,85.1,14.6,133.4,160.4,0.0,71.0,0.8,16.8,249.0,-27.0,12.4,-18.6,0.0,6.0,0.0,-27.2,454.2,94.5,4.8,509.8,0.9
East Midlands,Northamptonshire,Kettering,E07000153,2019,27.2,33.0,47.2,0.0,6.2,113.7,17.2,19.1,0.9,37.1,4.8,17.8,0.1,22.6,33.7,102.3,5.9,141.9,218.4,0.0,60.2,4.1,1.3,284.1,-9.7,5.9,-9.1,0.0,2.6,0.0,-10.4,589.1,101.8,5.8,233.5,2.5
East Midlands,Northamptonshire,Northampton,E07000154,2019,45.8,13.7,32.6,0.0,1.1,93.2,55.0,55.4,0.4,110.8,18.7,28.5,0.1,47.2,69.8,214.7,5.4,289.8,184.3,0.1,101.6,0.4,3.5,289.9,-2.1,2.1,-3.3,0.0,0.9,0.0,-2.4,828.6,224.6,3.7,80.8,10.3
East Midlands,Northamptonshire,South Northamptonshire,E07000155,2019,19.5,4.4,80.5,0.0,18.9,123.3,24.9,12.4,1.2,38.5,3.3,4.7,0.3,8.3,37.7,84.4,20.4,142.4,195.6,256.0,86.7,14.8,4.0,557.1,-23.9,17.3,-27.3,0.0,7.8,0.0,-26.1,843.4,94.5,8.9,634.0,1.3
East Midlands,Northamptonshire,Wellingborough,E07000156,2019,26.0,8.6,23.0,0.0,3.8,61.3,18.8,13.4,0.4,32.6,2.7,3.3,0.1,6.1,25.9,80.9,2.4,109.2,110.2,0.0,44.8,3.2,4.4,162.7,-3.7,4.3,-6.4,0.0,1.5,0.0,-4.4,367.5,79.7,4.6,163.0,2.3
East Midlands,Nottingham,Nottingham,E06000018,2019,43.5,18.1,39.1,0.0,0.6,101.4,86.4,65.0,1.3,152.7,30.5,90.4,0.2,121.1,90.5,281.3,15.3,387.1,158.3,2.6,176.9,3.2,5.1,346.2,-3.4,1.8,-3.0,0.0,1.2,0.0,-3.4,"1,105.1",332.9,3.3,74.6,14.8
East Midlands,Nottinghamshire,Ashfield,E07000170,2019,35.0,22.3,39.1,0.5,1.9,98.8,26.8,16.6,0.4,43.9,8.0,14.3,0.0,22.3,38.8,137.3,32.2,208.4,54.9,80.5,77.5,1.8,1.1,215.8,-5.8,3.4,-3.8,0.0,1.7,0.0,-4.4,584.7,127.9,4.6,109.6,5.3
East Midlands,Nottinghamshire,Bassetlaw,E07000171,2019,36.8,35.1,50.7,1.4,17.7,141.7,29.0,15.7,0.9,45.6,7.5,11.5,0.5,19.5,40.4,110.3,36.5,187.1,209.2,26.4,106.0,9.1,5.0,355.6,-32.5,101.6,-18.4,-0.1,11.7,0.0,62.3,811.8,117.5,6.9,639.5,1.3
East Midlands,Nottinghamshire,Broxtowe,E07000172,2019,15.9,21.9,71.8,54.5,1.4,165.6,13.1,50.3,0.2,63.6,3.1,25.9,0.0,29.0,35.3,126.8,9.8,171.9,63.5,149.3,57.3,4.0,5.1,279.2,-3.9,2.0,-3.4,0.0,1.4,0.0,-3.9,705.4,114.0,6.2,80.1,8.8
East Midlands,Nottinghamshire,Gedling,E07000173,2019,12.5,51.0,16.5,16.3,2.5,98.8,14.8,14.8,0.2,29.8,4.2,7.4,0.2,11.8,39.5,136.1,9.1,184.8,39.8,0.0,57.0,3.9,3.2,103.8,-5.8,7.4,-3.6,0.0,2.0,0.0,0.0,428.9,117.9,3.6,120.0,3.6
East Midlands,Nottinghamshire,Mansfield,E07000174,2019,22.0,8.4,15.0,0.0,1.4,46.8,21.5,16.7,0.2,38.4,5.6,9.1,0.0,14.7,33.1,127.6,37.1,197.8,50.8,0.0,54.3,0.8,0.6,106.5,-4.7,1.9,-3.4,0.0,1.5,0.0,-4.7,399.4,109.3,3.7,76.7,5.2
East Midlands,Nottinghamshire,Newark and Sherwood,E07000175,2019,33.2,112.2,42.9,38.1,17.1,243.5,28.5,31.8,1.6,61.9,4.6,12.2,0.2,17.1,43.1,122.3,23.8,189.1,276.2,0.0,112.2,5.2,12.1,405.7,-30.7,16.6,-23.5,0.0,9.7,0.0,-27.9,889.3,122.4,7.3,651.8,1.4
East Midlands,Nottinghamshire,Rushcliffe,E07000176,2019,17.0,10.1,17.8,90.5,12.2,147.5,22.3,53.8,0.4,76.5,6.5,35.8,0.1,42.4,40.0,137.7,10.9,188.6,197.8,0.0,60.7,2.6,11.1,272.3,-10.5,21.2,-15.1,0.0,5.2,0.0,0.9,728.2,119.2,6.1,409.2,1.8
East Midlands,Rutland,Rutland,E06000017,2019,30.8,1.4,36.6,714.9,9.5,793.2,21.1,7.7,0.5,29.3,4.8,4.7,0.1,9.6,15.3,40.3,8.6,64.2,122.3,0.0,34.5,4.6,0.7,162.1,-18.6,9.8,-15.3,0.0,4.7,0.0,-19.4,"1,038.9",39.9,26.0,393.7,2.6
West Midlands,Birmingham,Birmingham,E08000025,2019,194.4,195.2,152.2,6.8,1.6,550.1,249.3,183.9,0.9,434.2,76.4,195.4,0.4,272.2,320.0,"1,066.8",21.8,"1,408.6",357.3,204.3,812.2,26.1,26.5,"1,426.4",-8.9,6.7,-11.6,0.1,5.4,0.0,-8.2,"4,083.2","1,141.8",3.6,267.8,15.2
West Midlands,Coventry,Coventry,E08000026,2019,82.7,55.0,57.7,0.2,1.0,196.6,60.8,51.8,0.6,113.2,23.8,61.4,0.5,85.7,98.1,316.5,9.1,423.7,137.1,42.5,256.1,5.1,8.0,448.7,-3.8,3.4,-5.1,0.0,2.2,0.0,-3.3,"1,264.6",371.5,3.4,98.6,12.8
West Midlands,Dudley,Dudley,E08000027,2019,59.9,44.6,51.4,0.9,0.5,157.3,43.6,38.6,0.4,82.6,10.8,30.5,0.0,41.3,99.0,336.9,13.8,449.8,131.3,43.3,216.6,2.8,5.9,399.9,-3.7,2.4,-4.1,0.0,1.8,0.0,-3.6,"1,127.4",321.6,3.5,98.0,11.5
West Midlands,"Herefordshire, County of","Herefordshire, County of",E06000019,2019,58.3,71.9,92.9,2.8,81.0,306.9,56.9,23.7,2.3,82.9,9.0,11.5,0.8,21.3,74.6,121.4,93.2,289.1,220.9,17.1,136.0,13.5,2.0,389.4,-131.8,82.1,-95.5,-0.4,59.3,0.0,-86.3,"1,003.4",192.8,5.2,"2,179.7",0.5
West Midlands,Sandwell,Sandwell,E08000028,2019,98.3,71.6,69.4,6.9,0.4,246.7,56.1,77.8,0.3,134.1,14.0,35.1,0.0,49.1,92.3,311.4,9.6,413.3,144.1,186.2,208.3,5.7,9.2,553.5,-2.7,1.9,-3.4,0.0,1.5,0.0,-2.7,"1,394.0",328.5,4.2,85.6,16.3
West Midlands,Shropshire,Shropshire,E06000051,2019,76.1,47.4,114.4,2.7,125.6,366.1,83.2,57.6,3.7,144.6,13.7,39.7,1.4,54.8,119.6,227.7,145.6,492.9,387.7,61.9,204.2,21.2,54.7,729.6,-156.3,151.6,-83.9,1.2,64.8,0.0,-22.6,"1,765.4",323.1,5.5,"3,197.3",0.6
West Midlands,Solihull,Solihull,E08000029,2019,30.2,41.7,40.6,0.2,3.5,116.2,81.2,83.3,0.4,164.9,21.2,12.6,0.1,33.9,73.2,242.8,9.1,325.2,95.8,281.2,218.3,10.4,25.3,631.1,-6.6,5.8,-8.4,0.0,4.0,0.0,-5.2,"1,266.1",216.4,5.9,178.3,7.1
West Midlands,Staffordshire,Cannock Chase,E07000192,2019,19.6,9.6,27.4,0.0,1.0,57.6,16.3,21.4,1.2,38.9,2.6,5.3,0.0,7.9,32.6,106.6,12.3,151.4,48.6,15.9,38.4,2.4,3.7,109.0,-3.5,2.0,-3.5,0.0,1.4,0.0,-3.6,361.2,100.8,3.6,78.9,4.6
West Midlands,Staffordshire,East Staffordshire,E07000193,2019,52.3,53.6,60.2,5.2,18.6,189.9,35.4,41.7,1.1,78.2,9.0,13.1,0.2,22.3,40.0,114.3,21.9,176.2,153.9,0.0,68.5,5.0,11.4,238.6,-13.5,8.8,-14.4,0.0,6.3,0.0,-12.8,692.5,119.8,5.8,390.0,1.8
West Midlands,Staffordshire,Lichfield,E07000194,2019,24.4,7.5,35.6,0.0,11.0,78.5,24.2,14.0,1.0,39.2,5.3,7.3,0.3,12.8,37.3,115.9,15.0,168.1,214.2,57.3,53.3,7.0,24.3,356.0,-14.7,43.0,-6.9,0.0,5.7,0.0,27.1,681.7,104.8,6.5,331.3,2.1
West Midlands,Staffordshire,Newcastle-under-Lyme,E07000195,2019,21.2,46.6,18.2,4.8,8.8,99.6,26.5,17.1,0.4,44.1,5.9,14.2,0.1,20.2,39.1,137.9,17.5,194.5,127.7,153.7,62.2,1.2,4.9,349.7,-5.4,7.9,-4.1,0.0,3.6,0.0,2.0,710.0,129.4,5.5,211.0,3.4
West Midlands,Staffordshire,South Staffordshire,E07000196,2019,31.4,50.9,58.6,5.1,12.6,158.7,24.4,15.1,0.8,40.2,5.1,16.7,0.1,22.0,37.6,115.5,15.5,168.6,98.6,287.2,67.6,2.7,38.4,494.5,-17.2,12.8,-13.7,0.0,7.1,0.0,-10.9,873.1,112.4,7.8,407.3,2.1
West Midlands,Staffordshire,Stafford,E07000197,2019,27.4,10.3,30.0,0.5,26.8,94.9,34.1,18.9,1.0,53.9,9.7,20.9,0.3,30.9,46.8,135.6,28.6,211.0,125.5,283.0,82.0,2.1,41.1,533.8,-21.1,16.9,-21.0,-0.2,10.4,0.0,-15.1,909.4,137.3,6.6,598.2,1.5
West Midlands,Staffordshire,Staffordshire Moorlands,E07000198,2019,39.2,66.2,49.8,593.2,24.0,772.5,21.2,15.7,0.7,37.7,3.3,8.1,0.1,11.5,34.4,102.1,32.4,168.9,92.4,0.0,81.2,0.6,6.4,180.6,-23.7,11.8,-15.8,-1.4,7.5,0.0,-21.5,"1,149.6",98.4,11.7,575.8,2.0
West Midlands,Staffordshire,Tamworth,E07000199,2019,20.5,11.3,11.7,1.0,0.4,44.8,12.0,6.9,0.0,18.9,1.9,1.8,0.0,3.7,24.8,74.4,5.6,104.8,37.4,0.0,32.6,3.3,5.1,78.5,-1.4,0.7,-1.2,0.0,0.5,0.0,-1.4,249.3,76.7,3.3,30.9,8.1
West Midlands,Stoke on Trent,Stoke-on-Trent,E06000021,2019,72.8,128.1,56.3,0.1,1.9,259.2,35.4,159.8,0.3,195.5,12.3,108.7,0.0,121.1,74.5,270.5,25.9,370.8,187.4,0.0,118.0,3.6,13.9,323.0,-4.0,2.4,-4.4,0.0,1.7,0.0,-4.2,"1,265.4",256.4,4.9,93.4,13.5
West Midlands,Telford and Wrekin,Telford and Wrekin,E06000020,2019,62.6,39.0,94.1,8.3,8.5,212.5,48.7,34.8,0.6,84.0,13.4,27.9,0.2,41.5,53.1,171.0,18.6,242.8,116.3,37.2,160.5,3.6,1.7,319.3,-19.8,37.2,-3.3,0.0,5.2,0.0,19.2,919.3,179.9,5.1,290.3,3.2
West Midlands,Walsall,Walsall,E08000030,2019,60.9,49.5,42.7,5.6,1.4,160.1,41.5,32.5,0.2,74.2,12.7,27.0,0.1,39.7,85.5,281.6,9.7,376.7,116.9,119.2,151.6,2.6,5.3,395.6,-4.7,7.7,-3.1,-0.1,2.3,0.0,2.0,"1,048.3",285.5,3.7,104.0,10.1
West Midlands,Warwickshire,North Warwickshire,E07000218,2019,45.3,43.5,25.2,5.0,6.9,125.8,37.3,22.5,0.8,60.6,4.8,3.5,0.1,8.4,23.3,64.6,11.2,99.1,87.6,444.0,59.2,11.5,14.8,617.1,-9.3,7.4,-13.4,0.0,4.9,0.0,-10.4,900.6,65.3,13.8,284.3,3.2
West Midlands,Warwickshire,Nuneaton and Bedworth,E07000219,2019,17.1,15.6,16.7,0.3,1.3,51.1,21.3,14.1,0.1,35.6,6.4,11.8,0.0,18.2,41.5,131.6,14.0,187.1,46.1,43.4,80.7,6.5,11.5,188.1,-2.2,2.1,-3.8,0.0,1.3,0.0,-2.6,477.4,129.9,3.7,79.0,6.0
West Midlands,Warwickshire,Rugby,E07000220,2019,46.8,36.6,28.3,971.5,10.5,"1,093.9",40.8,42.1,0.6,83.6,9.2,9.9,0.1,19.1,37.1,111.8,8.5,157.4,128.8,211.3,97.7,1.6,3.4,442.9,-6.4,9.4,-14.7,0.0,5.9,0.0,-5.8,"1,791.0",108.9,16.4,353.6,5.1
West Midlands,Warwickshire,Stratford-on-Avon,E07000221,2019,30.9,8.9,203.5,0.0,30.4,273.7,44.0,21.6,2.1,67.7,4.8,5.6,0.8,11.1,57.5,106.5,49.3,213.3,158.0,228.4,142.9,14.7,12.3,556.4,-25.3,30.9,-41.0,0.0,19.7,0.0,-15.7,"1,106.4",130.1,8.5,977.9,1.1
West Midlands,Warwickshire,Warwick,E07000222,2019,27.2,9.8,31.4,0.1,7.0,75.5,41.4,27.5,1.0,69.9,8.2,13.2,0.1,21.5,51.6,145.3,12.8,209.6,188.4,170.1,105.8,13.8,16.7,494.8,-11.1,9.8,-11.9,0.0,6.2,0.0,-7.0,864.2,143.8,6.0,282.9,3.1
West Midlands,Wolverhampton,Wolverhampton,E08000031,2019,53.7,29.8,50.7,0.5,0.4,135.1,42.2,49.1,0.2,91.5,14.5,35.9,0.1,50.4,79.9,264.5,9.5,353.8,108.9,0.0,174.5,2.5,11.3,297.2,-3.0,1.8,-3.2,0.0,1.4,0.0,-3.0,925.2,263.4,3.5,69.4,13.3
West Midlands,Worcestershire,Bromsgrove,E07000234,2019,9.4,2.6,16.4,0.0,6.4,34.8,19.5,14.1,0.6,34.2,3.6,5.5,0.1,9.3,35.1,112.3,8.1,155.5,105.2,254.9,63.5,8.3,9.1,440.9,-8.2,7.2,-9.5,0.0,4.9,0.0,-5.5,669.2,99.9,6.7,217.0,3.1
West Midlands,Worcestershire,Malvern Hills,E07000235,2019,13.9,2.5,26.2,0.0,20.8,63.4,13.7,7.4,1.1,22.3,2.4,4.3,0.5,7.3,32.2,56.7,39.0,127.9,60.2,114.1,92.0,1.4,15.7,283.3,-35.6,17.7,-23.7,0.0,15.8,0.0,-25.8,478.3,78.7,6.1,577.1,0.8
West Midlands,Worcestershire,Redditch,E07000236,2019,25.4,16.7,25.0,8.8,1.2,77.1,16.1,16.7,0.1,32.9,3.0,7.3,0.1,10.4,26.8,83.1,2.1,112.1,41.8,0.0,52.2,0.0,0.5,94.6,-2.0,1.9,-2.2,0.0,1.2,0.0,-1.1,326.0,85.3,3.8,54.3,6.0
West Midlands,Worcestershire,Worcester,E07000237,2019,13.4,8.8,16.1,0.3,0.5,39.2,29.9,17.1,0.1,47.1,7.8,10.9,0.1,18.8,32.6,93.0,3.1,128.7,40.1,1.6,52.0,0.8,5.0,99.5,-0.7,1.1,-1.4,0.0,0.8,0.0,-0.2,333.1,101.2,3.3,33.3,10.0
West Midlands,Worcestershire,Wychavon,E07000238,2019,37.5,60.6,46.2,16.0,20.4,180.8,40.5,39.1,1.4,81.0,6.2,8.4,0.8,15.4,49.9,106.1,36.8,192.8,145.4,234.6,91.0,9.4,14.8,495.1,-17.9,22.6,-27.5,0.0,15.5,0.0,-7.3,957.9,129.4,7.4,663.5,1.4
West Midlands,Worcestershire,Wyre Forest,E07000239,2019,19.6,8.0,28.9,0.0,4.8,61.4,20.6,16.0,0.6,37.1,3.8,9.7,0.1,13.6,35.3,96.7,12.7,144.7,63.5,0.0,64.8,0.7,9.9,139.0,-12.6,5.6,-8.1,0.0,5.0,0.0,-10.1,385.7,101.3,3.8,195.4,2.0
East of England,Bedfordshire,Bedford,E06000055,2019,31.1,9.8,27.8,6.6,11.4,86.7,46.4,26.0,1.3,73.6,12.5,24.5,0.3,37.3,59.1,159.5,20.7,239.3,189.1,0.0,94.1,23.9,7.1,314.2,-14.9,11.0,-16.5,0.0,5.0,0.0,-15.4,735.8,173.3,4.2,476.4,1.5
East of England,Bedfordshire,Central Bedfordshire,E06000056,2019,57.8,16.6,180.7,0.5,16.1,271.7,59.3,55.1,2.0,116.4,10.3,19.1,0.6,30.1,98.2,273.2,27.2,398.6,253.1,335.6,177.7,11.0,5.2,782.6,-27.5,17.1,-26.5,0.0,10.2,0.0,-26.8,"1,572.6",288.6,5.4,715.7,2.2
East of England,Cambridgeshire,Cambridge,E07000008,2019,17.9,2.3,11.4,2.2,0.4,34.4,71.1,40.8,0.2,112.2,30.1,58.6,0.3,88.9,36.9,117.4,3.3,157.6,42.3,10.3,42.1,0.4,1.5,96.6,-0.6,0.6,-1.1,0.0,0.4,0.0,-0.6,489.1,124.8,3.9,40.7,12.0
East of England,Cambridgeshire,East Cambridgeshire,E07000009,2019,26.2,4.0,50.6,0.0,30.6,111.3,21.2,7.4,1.3,29.9,3.1,4.4,0.4,7.9,33.5,66.0,28.8,128.3,183.2,0.0,74.7,7.3,11.4,276.7,-18.5,776.2,19.6,-1.5,8.7,0.0,784.4,"1,338.5",89.8,14.9,651.7,2.1
East of England,Cambridgeshire,Fenland,E07000010,2019,38.8,96.9,41.0,73.5,28.7,278.9,24.5,11.6,0.7,36.9,4.8,6.9,0.2,11.8,38.0,85.7,21.0,144.6,73.8,0.0,95.7,5.7,6.8,181.9,-3.6,779.1,11.0,-0.4,8.6,0.0,794.7,"1,448.9",101.9,14.2,547.4,2.6
East of England,Cambridgeshire,Huntingdonshire,E07000011,2019,61.5,16.3,77.6,0.7,27.4,183.6,39.0,14.8,2.1,55.9,8.2,11.4,1.0,20.5,63.2,160.0,28.0,251.3,383.8,160.8,143.5,2.7,17.3,708.0,-25.7,403.8,-17.7,5.2,12.1,0.0,377.7,"1,597.0",178.0,9.0,912.5,1.8
East of England,Cambridgeshire,South Cambridgeshire,E07000012,2019,58.4,45.0,81.3,0.1,22.0,206.7,40.2,37.0,1.9,79.1,8.0,8.4,1.0,17.3,61.0,127.0,48.7,236.7,356.9,122.0,106.9,5.2,10.0,601.0,-15.9,97.9,-20.2,0.0,10.5,0.0,72.2,"1,213.0",159.1,7.6,901.7,1.3
East of England,Essex,Basildon,E07000066,2019,44.8,12.0,33.5,0.4,2.0,92.8,58.5,27.6,0.4,86.5,11.8,14.6,0.1,26.5,63.5,170.6,4.1,238.2,167.3,0.0,114.1,0.0,1.5,282.9,-3.3,1.2,-3.2,0.0,1.6,0.0,-3.7,723.2,187.2,3.9,110.4,6.5
East of England,Essex,Braintree,E07000067,2019,28.7,8.1,68.0,0.3,13.2,118.3,21.7,17.0,1.1,39.8,5.0,6.6,0.5,12.1,56.6,121.6,30.9,209.1,183.5,0.0,147.8,0.8,1.8,334.0,-24.3,7.6,-18.8,0.0,7.1,0.0,-28.4,684.9,152.6,4.5,611.7,1.1
East of England,Essex,Brentwood,E07000068,2019,9.4,3.8,21.1,0.0,3.0,37.3,16.2,13.6,0.4,30.2,3.0,5.2,0.1,8.3,30.0,94.5,2.9,127.4,142.8,58.0,52.8,0.5,1.3,255.5,-6.3,2.4,-5.3,0.0,2.6,0.0,-6.6,452.2,77.0,5.9,153.1,3.0
East of England,Essex,Castle Point,E07000069,2019,5.8,1.8,5.4,0.0,0.6,13.6,9.8,6.5,0.1,16.4,2.1,3.6,0.1,5.8,32.4,98.0,1.9,132.3,38.4,0.0,57.8,0.0,0.6,96.7,-1.2,0.5,-1.4,0.0,0.8,0.0,-1.3,263.6,90.4,2.9,63.7,4.1
East of England,Essex,Chelmsford,E07000070,2019,30.1,5.6,43.8,0.0,7.4,86.9,42.4,23.7,1.3,67.3,9.8,23.0,0.6,33.3,65.9,162.8,21.6,250.3,255.6,0.0,136.3,0.7,2.3,394.8,-15.1,4.2,-10.9,0.0,4.3,0.0,-17.4,815.2,178.4,4.6,343.0,2.4
East of England,Essex,Colchester,E07000071,2019,23.7,3.9,51.6,0.0,6.3,85.5,42.1,21.0,1.1,64.2,9.0,23.9,0.4,33.3,64.8,159.5,23.8,248.0,199.7,0.0,144.1,1.0,1.8,346.5,-15.5,3.6,-9.6,0.0,4.2,0.0,-17.3,760.2,194.7,3.9,346.8,2.2
East of England,Essex,Epping Forest,E07000072,2019,11.7,5.3,15.4,0.0,6.3,38.8,26.7,69.4,1.0,97.0,4.3,10.9,0.1,15.3,52.4,145.5,12.9,210.8,61.0,408.1,113.3,0.0,3.1,585.6,-16.7,5.0,-11.3,0.0,4.7,0.0,-18.2,929.4,131.7,7.1,339.0,2.7
East of England,Essex,Harlow,E07000073,2019,19.6,20.1,16.3,34.2,0.4,90.5,22.7,31.1,0.1,53.9,5.6,9.2,0.1,15.0,27.0,79.1,1.5,107.5,33.4,23.9,49.5,0.0,0.5,107.3,-1.3,0.3,-0.9,0.0,0.3,0.0,-1.6,372.7,87.1,4.3,30.5,12.2
East of England,Essex,Maldon,E07000074,2019,16.0,3.8,34.3,0.0,8.9,62.9,10.4,7.3,0.9,18.6,1.2,2.2,0.2,3.5,27.8,44.4,23.4,95.7,9.1,0.0,80.7,0.0,0.7,90.6,-12.3,4.0,-10.8,0.0,5.3,0.0,-13.8,257.5,64.9,4.0,428.1,0.6
East of England,Essex,Rochford,E07000075,2019,9.5,2.1,13.2,0.0,4.0,28.7,12.5,6.3,0.2,19.0,2.9,3.4,0.0,6.4,30.7,92.2,3.5,126.5,35.8,0.0,66.2,0.0,3.7,105.7,-2.7,2.3,-5.6,0.0,3.2,0.0,-2.8,283.4,87.4,3.2,263.1,1.1
East of England,Essex,Tendring,E07000076,2019,16.8,7.8,31.9,0.0,6.8,63.3,25.3,26.1,0.7,52.0,5.4,11.8,0.2,17.4,55.1,138.4,16.6,210.0,88.5,0.0,144.2,0.4,1.3,234.4,-14.0,3.6,-10.2,0.0,5.2,0.0,-15.3,561.8,146.6,3.8,366.2,1.5
East of England,Essex,Uttlesford,E07000077,2019,19.2,4.3,29.7,0.0,13.7,66.9,23.6,14.1,1.3,39.1,3.7,6.5,0.3,10.5,37.7,75.8,27.5,141.1,101.7,227.4,125.6,9.3,34.9,499.0,-21.1,8.4,-21.0,0.0,7.5,0.0,-26.2,730.3,91.3,8.0,641.2,1.1
East of England,Hertfordshire,Broxbourne,E07000095,2019,15.5,5.2,42.8,0.0,0.7,64.2,24.0,16.1,0.2,40.2,3.7,4.0,0.0,7.7,33.6,93.6,2.8,130.0,61.4,0.0,65.0,0.1,0.8,127.2,-5.8,0.8,-2.0,0.0,0.9,0.0,-6.1,363.2,97.3,3.7,51.4,7.1
East of England,Hertfordshire,Dacorum,E07000096,2019,19.7,3.4,12.2,0.9,4.5,40.6,52.1,27.9,0.8,80.8,10.9,12.7,0.3,23.8,53.2,162.6,8.6,224.4,109.6,53.4,104.1,0.9,1.5,269.5,-14.6,6.0,-12.1,0.0,5.6,0.0,-15.1,624.0,154.8,4.0,212.5,2.9
East of England,Hertfordshire,East Hertfordshire,E07000242,2019,22.3,13.2,45.3,2.0,10.9,93.6,30.2,25.6,1.0,56.8,5.5,9.1,0.4,14.9,58.7,143.3,17.4,219.4,144.1,0.0,130.8,0.2,1.6,276.7,-27.2,7.1,-18.0,0.0,7.2,0.0,-30.9,630.5,149.7,4.2,475.7,1.3
East of England,Hertfordshire,Hertsmere,E07000098,2019,12.4,6.7,25.4,0.0,1.9,46.4,36.4,28.4,0.4,65.3,5.6,10.4,0.2,16.2,38.3,123.8,2.6,164.7,64.0,225.6,62.6,0.6,1.6,354.3,-6.3,2.6,-4.4,0.0,2.1,0.0,-6.0,640.9,104.9,6.1,101.1,6.3
East of England,Hertfordshire,North Hertfordshire,E07000099,2019,27.1,25.7,31.8,0.0,9.5,94.0,26.5,19.3,0.6,46.5,5.0,8.0,0.1,13.1,47.2,129.0,14.8,191.0,100.3,69.9,114.9,1.5,1.6,288.2,-13.9,6.9,-15.9,0.0,6.4,0.0,-16.5,616.3,133.6,4.6,375.4,1.6
East of England,Hertfordshire,St Albans,E07000240,2019,8.8,11.2,9.0,0.4,3.1,32.6,32.7,24.4,0.4,57.4,4.8,8.7,0.2,13.8,51.8,175.6,3.2,230.5,100.2,331.7,99.9,0.6,2.5,534.9,-7.6,3.9,-8.1,0.0,3.6,0.0,-8.2,861.0,148.5,5.8,161.2,5.3
East of England,Hertfordshire,Stevenage,E07000243,2019,18.5,13.8,15.1,1.6,0.2,49.2,21.9,45.7,0.1,67.7,8.8,17.1,0.1,25.9,26.2,78.0,1.7,106.0,42.1,36.4,50.9,2.0,0.7,132.1,-1.1,0.6,-1.5,0.0,0.6,0.0,-1.4,379.5,87.8,4.3,26.0,14.6
East of England,Hertfordshire,Three Rivers,E07000102,2019,9.0,2.8,11.2,0.0,1.8,24.8,22.4,16.0,0.6,39.0,3.9,7.7,0.1,11.7,34.4,112.5,4.4,151.2,37.5,208.9,60.8,0.2,1.5,308.9,-5.2,2.6,-4.0,0.0,2.0,0.0,-4.6,531.0,93.3,5.7,88.8,6.0
East of England,Hertfordshire,Watford,E07000103,2019,13.0,3.3,9.7,0.3,0.1,26.3,45.1,17.1,0.3,62.5,6.1,9.6,0.0,15.7,30.3,93.4,1.7,125.4,44.1,10.8,39.6,0.2,0.6,95.2,-1.4,0.7,-1.0,0.0,0.5,0.0,-1.2,324.0,96.6,3.4,21.4,15.1
East of England,Hertfordshire,Welwyn Hatfield,E07000241,2019,39.0,6.9,28.8,0.2,2.1,77.0,50.6,29.4,0.6,80.5,16.4,15.7,0.5,32.5,38.2,118.7,2.7,159.6,49.5,102.9,90.1,6.6,1.4,250.5,-13.1,1.8,-4.5,0.0,2.1,0.0,-13.8,586.4,123.0,4.8,129.5,4.5
East of England,Luton,Luton,E06000032,2019,27.9,24.5,31.7,0.0,0.5,84.6,44.1,22.6,0.2,66.9,12.9,14.4,0.0,27.4,57.0,192.4,5.1,254.5,46.7,37.3,102.5,5.2,23.2,214.9,-1.8,0.8,-1.7,0.0,0.7,0.0,-2.0,646.2,213.1,3.0,43.4,14.9
East of England,Norfolk,Breckland,E07000143,2019,31.8,19.7,58.0,0.0,27.7,137.1,29.5,10.9,1.6,42.1,5.9,5.0,0.8,11.7,55.5,78.4,60.1,194.0,217.3,0.0,145.3,3.0,2.4,368.0,-166.4,167.7,49.5,0.7,16.8,0.0,68.1,820.9,140.0,5.9,"1,305.1",0.6
East of England,Norfolk,Broadland,E07000144,2019,22.8,24.1,51.0,77.6,12.7,188.2,21.9,14.0,1.4,37.3,5.3,7.3,0.3,12.9,48.3,112.4,32.9,193.5,133.0,0.0,95.0,1.6,34.1,263.7,-37.7,39.7,14.4,2.7,8.8,0.0,27.8,723.4,130.8,5.5,553.2,1.3
East of England,Norfolk,Great Yarmouth,E07000145,2019,12.3,3.4,13.9,0.0,4.3,33.9,22.0,11.2,0.9,34.1,4.1,8.9,0.2,13.3,36.3,70.9,24.0,131.2,58.8,0.0,54.8,0.4,25.5,139.5,-8.1,9.8,0.1,3.5,3.3,0.0,8.6,360.6,99.3,3.6,182.4,2.0
East of England,Norfolk,King's Lynn and West Norfolk,E07000146,2019,47.9,345.2,48.7,25.6,46.6,514.1,54.0,22.0,2.1,78.1,10.2,13.9,1.1,25.2,69.1,86.8,80.1,235.9,198.2,0.0,157.7,0.1,13.6,369.5,-88.7,734.9,17.0,-1.0,21.7,0.0,683.8,"1,906.8",151.4,12.6,"1,526.9",1.2
East of England,Norfolk,North Norfolk,E07000147,2019,21.1,22.8,41.6,0.0,23.0,108.5,29.9,9.7,1.8,41.4,4.5,5.0,0.5,10.0,50.6,65.3,59.4,175.3,73.7,0.0,111.1,1.0,31.7,217.6,-54.1,68.3,17.0,11.6,13.4,0.0,56.3,609.0,104.8,5.8,990.0,0.6
East of England,Norfolk,Norwich,E07000148,2019,23.8,16.2,18.8,0.1,0.4,59.1,41.2,26.8,0.3,68.3,9.5,24.7,0.1,34.4,41.8,123.4,6.0,171.2,52.6,0.0,51.2,2.9,11.4,118.0,-2.8,1.7,1.7,0.0,0.9,0.0,1.4,452.4,140.6,3.2,40.6,11.2
East of England,Norfolk,South Norfolk,E07000149,2019,25.4,5.7,72.1,0.1,22.4,125.7,25.3,20.0,2.0,47.3,8.1,24.0,1.2,33.3,56.6,81.8,63.5,202.0,243.4,0.0,125.6,4.4,34.8,408.2,-44.8,52.1,53.6,-0.6,12.0,0.0,72.3,888.8,140.9,6.3,908.9,1.0
East of England,Peterborough,Peterborough,E06000031,2019,38.9,12.7,47.9,0.7,9.8,110.1,74.5,43.8,0.7,119.1,13.3,25.6,0.1,39.0,60.3,181.6,14.2,256.1,255.7,0.3,164.4,5.9,10.1,436.5,-9.5,162.6,-4.9,-0.2,4.8,0.0,152.7,"1,113.6",202.3,5.5,343.4,3.2
East of England,Southend-on-Sea,Southend-on-Sea,E06000033,2019,13.8,3.8,10.4,4.1,0.3,32.5,35.5,19.4,0.2,55.1,9.9,16.1,0.3,26.3,60.7,195.8,2.8,259.3,51.9,0.0,84.9,12.2,3.9,152.9,-0.7,0.6,-1.5,0.0,0.9,0.0,-0.7,525.3,183.1,2.9,67.9,7.7
East of England,Suffolk,Babergh,E07000200,2019,26.4,15.2,46.0,0.0,12.5,100.2,14.1,16.6,1.1,31.8,2.0,5.5,0.6,8.1,37.8,63.5,35.2,136.6,169.4,0.0,61.5,0.7,1.2,232.8,-19.8,7.5,-18.6,0.0,6.9,0.0,-24.0,485.5,92.0,5.3,611.6,0.8
East of England,Suffolk,East Suffolk,E07000244,2019,54.2,28.6,131.4,0.0,25.1,239.3,60.9,26.1,2.6,89.6,11.1,11.6,1.0,23.7,97.2,210.6,51.1,359.0,216.7,0.0,173.6,5.9,13.3,409.4,-100.3,34.5,11.4,-1.5,17.0,0.0,-38.8,"1,082.2",249.5,4.3,"1,294.8",0.8
East of England,Suffolk,Ipswich,E07000202,2019,11.8,6.6,14.4,7.5,0.2,40.4,32.6,16.9,0.1,49.6,7.9,11.5,0.2,19.6,44.0,116.6,3.3,164.0,68.5,0.0,36.2,2.0,0.5,107.2,-1.2,0.5,-1.3,0.0,0.5,0.0,-1.5,379.4,136.9,2.8,40.3,9.4
East of England,Suffolk,Mid Suffolk,E07000203,2019,34.0,34.7,89.1,0.4,19.8,178.0,18.5,11.5,1.6,31.5,3.3,8.9,0.6,12.8,43.4,46.0,57.6,147.0,187.3,0.0,90.3,3.1,1.3,282.1,-26.7,17.7,-19.1,0.7,10.2,0.0,-17.0,634.4,103.9,6.1,871.1,0.7
East of England,Suffolk,West Suffolk,E07000245,2019,57.7,206.0,53.8,291.7,21.7,630.9,51.4,85.3,2.7,139.4,9.8,46.8,0.9,57.5,66.4,123.7,54.8,244.9,311.0,0.0,106.9,5.5,2.0,425.5,-89.6,179.3,1.4,-0.4,13.0,0.0,103.8,"1,602.0",179.0,8.9,"1,034.7",1.5
East of England,Thurrock,Thurrock,E06000034,2019,44.5,76.5,28.0,0.8,2.6,152.4,81.9,26.6,0.8,109.3,17.9,9.0,0.2,27.2,56.6,138.9,3.3,198.8,211.9,117.2,105.2,0.5,2.0,436.7,-7.9,2.6,-5.9,0.0,3.2,0.0,-8.1,916.3,174.3,5.3,184.3,5.0
London,Barking and Dagenham,Barking and Dagenham,E09000002,2019,18.5,3.5,20.6,23.0,0.2,65.8,45.6,25.0,0.2,70.8,10.8,11.7,0.0,22.5,52.6,148.0,3.5,204.1,119.1,0.0,73.5,8.2,1.0,201.8,-1.6,0.7,-1.3,0.0,0.7,0.0,-1.5,563.6,212.9,2.6,37.8,14.9
London,Barnet,Barnet,E09000003,2019,20.5,7.3,15.1,0.0,0.6,43.6,65.7,55.6,0.3,121.6,15.5,37.1,0.1,52.7,128.0,420.7,5.0,553.6,236.7,63.3,142.1,0.8,2.3,445.2,-2.2,2.5,-4.2,0.0,2.0,0.0,-1.9,"1,214.8",395.9,3.1,86.7,14.0
London,Bexley,Bexley,E09000004,2019,27.1,80.5,27.8,7.7,0.4,143.5,49.1,41.1,0.2,90.4,11.5,14.1,0.0,25.6,75.5,235.9,4.5,316.0,138.1,0.0,117.6,0.4,1.4,257.5,-5.1,1.8,-3.4,0.0,1.8,0.0,-5.0,828.0,248.3,3.3,64.3,12.9
London,Brent,Brent,E09000005,2019,46.0,19.5,32.0,0.2,0.2,97.8,95.3,62.7,0.3,158.3,19.0,28.5,0.0,47.6,87.0,296.8,3.2,387.0,116.9,0.0,105.9,5.0,1.2,228.9,-1.8,1.2,-1.9,0.0,0.9,0.0,-1.6,918.0,329.8,2.8,43.2,21.2
London,Bromley,Bromley,E09000006,2019,15.1,3.9,13.8,0.0,1.8,34.6,55.9,37.3,0.2,93.4,12.7,28.3,0.0,41.0,111.5,392.2,7.5,511.2,126.8,0.2,183.2,6.1,11.8,328.1,-11.1,3.8,-7.3,0.0,3.8,0.0,-10.9,997.4,332.3,3.0,150.1,6.6
London,Camden,Camden,E09000007,2019,38.8,11.7,14.3,0.9,0.1,65.8,188.4,171.1,2.4,361.8,42.1,104.2,0.6,146.9,70.6,182.6,3.5,256.7,78.5,0.0,56.7,1.5,0.6,137.2,-0.5,0.6,-1.0,0.0,0.5,0.0,-0.4,968.1,270.0,3.6,21.8,44.4
London,City of London,City of London,E09000001,2019,39.2,6.2,11.9,0.3,0.0,57.7,366.1,124.1,2.4,492.7,13.8,10.9,0.1,24.9,5.8,5.7,0.1,11.6,31.4,0.0,21.9,0.0,0.2,53.6,0.0,0.1,-0.1,0.0,0.0,0.0,0.0,640.4,9.7,65.9,3.1,203.3
London,Croydon,Croydon,E09000008,2019,25.3,5.4,11.2,0.0,0.6,42.4,88.7,46.2,0.2,135.1,26.3,34.5,0.1,60.9,118.5,398.1,6.8,523.5,120.1,0.0,187.5,1.2,1.7,310.5,-4.3,2.3,-4.4,0.0,2.2,0.0,-4.1,"1,068.3",386.7,2.8,86.5,12.4
London,Ealing,Ealing,E09000009,2019,56.9,29.5,30.8,0.6,0.3,118.0,109.6,66.6,0.1,176.3,20.4,32.0,0.0,52.5,97.4,323.6,5.2,426.1,193.3,0.0,118.0,8.4,1.6,321.3,-3.1,1.6,-2.5,0.0,1.2,0.0,-2.7,"1,091.5",341.8,3.2,55.5,19.7
London,Enfield,Enfield,E09000010,2019,27.2,28.9,21.4,0.9,0.9,79.2,66.3,52.2,0.4,118.9,16.6,25.4,0.1,42.1,98.8,301.8,5.2,405.9,194.8,141.2,129.8,0.3,2.1,468.2,-2.4,2.3,-4.0,0.0,1.9,0.0,-2.2,"1,112.1",333.8,3.3,82.2,13.5
London,Greenwich,Greenwich,E09000011,2019,24.4,14.3,16.9,0.5,0.2,56.3,52.9,48.4,0.4,101.6,17.6,32.7,0.1,50.4,76.9,220.3,3.8,301.0,167.4,0.0,114.2,0.0,1.4,283.0,-3.4,1.3,-2.4,0.0,1.3,0.0,-3.3,788.9,287.9,2.7,50.4,15.6
London,Hackney,Hackney,E09000012,2019,25.9,4.2,7.2,0.0,0.1,37.3,74.4,42.2,0.4,117.0,17.7,22.2,0.1,40.0,70.8,189.3,2.2,262.4,83.0,0.0,67.3,0.2,0.7,151.1,-0.4,0.5,-0.8,0.0,0.4,0.0,-0.3,607.4,281.1,2.2,19.0,31.9
London,Hammersmith and Fulham,Hammersmith and Fulham,E09000013,2019,18.3,3.4,10.7,0.4,0.0,32.9,103.9,59.0,0.6,163.5,17.6,41.3,0.0,58.9,58.8,169.8,1.9,230.5,102.3,0.0,51.3,1.7,0.7,156.1,-0.5,0.4,-0.7,0.0,0.4,0.0,-0.4,641.4,185.1,3.5,17.2,37.4
London,Haringey,Haringey,E09000014,2019,24.6,7.8,8.6,0.0,0.1,41.1,55.8,41.4,0.1,97.3,10.3,15.9,0.0,26.3,72.8,243.3,2.8,318.9,82.0,0.0,90.6,1.2,0.8,174.6,-0.6,0.8,-1.3,0.0,0.6,0.0,-0.5,657.6,268.6,2.4,29.6,22.2
London,Harrow,Harrow,E09000015,2019,7.8,3.2,7.6,0.0,0.3,19.0,28.5,24.6,0.1,53.2,6.9,15.6,0.1,22.6,71.8,275.5,3.3,350.6,55.1,7.8,123.8,0.9,1.1,188.6,-3.3,1.6,-2.3,0.0,1.2,0.0,-2.8,631.1,251.2,2.5,50.5,12.5
London,Havering,Havering,E09000016,2019,17.5,8.8,25.1,0.4,1.4,53.2,49.5,22.4,0.3,72.3,12.2,14.0,0.0,26.2,81.3,260.4,6.8,348.6,139.0,160.1,130.1,0.6,1.9,431.6,-5.5,2.5,-4.6,0.0,2.4,0.0,-5.2,926.6,259.6,3.6,114.5,8.1
London,Hillingdon,Hillingdon,E09000017,2019,58.4,20.6,26.1,6.8,1.4,113.1,116.2,77.9,1.8,195.9,23.3,27.0,0.3,50.6,88.0,280.6,5.6,374.1,174.9,132.3,254.2,7.6,111.4,680.4,-7.6,3.8,-5.7,0.0,2.9,0.0,-6.6,"1,407.5",306.9,4.6,115.7,12.2
London,Hounslow,Hounslow,E09000018,2019,36.8,10.4,15.1,0.9,0.4,63.6,127.1,72.7,0.4,200.1,20.3,22.4,0.1,42.7,78.9,228.1,4.5,311.6,156.4,76.6,132.7,0.5,2.0,368.1,-3.2,1.6,-3.2,0.0,1.6,0.0,-3.2,983.0,271.5,3.6,56.6,17.4
London,Islington,Islington,E09000019,2019,23.7,5.2,8.8,0.1,0.0,37.9,117.3,93.5,1.0,211.8,17.8,25.3,0.1,43.3,64.1,174.1,1.8,240.1,61.0,0.0,55.8,0.6,0.5,117.9,-0.3,0.4,-0.6,0.0,0.3,0.0,-0.3,650.7,242.5,2.7,14.9,43.8
London,Kensington and Chelsea,Kensington and Chelsea,E09000020,2019,23.0,3.9,5.3,0.0,0.0,32.2,146.6,105.2,0.2,252.0,24.9,48.8,0.0,73.7,73.9,167.3,3.1,244.2,92.7,0.0,56.3,1.2,0.6,150.8,-0.4,0.3,-0.6,0.0,0.3,0.0,-0.3,752.6,156.1,4.8,12.4,60.8
London,Kingston upon Thames,Kingston upon Thames,E09000021,2019,11.0,1.9,11.9,0.1,0.4,25.3,46.0,22.0,0.2,68.3,11.9,20.8,0.0,32.8,53.7,171.7,2.8,228.1,126.5,0.0,100.5,0.6,2.4,230.0,-1.8,1.0,-1.9,0.0,1.0,0.0,-1.7,582.9,177.5,3.3,37.3,15.6
London,Lambeth,Lambeth,E09000022,2019,20.4,4.1,18.6,0.0,0.1,43.2,82.9,66.3,0.2,149.4,23.2,63.8,0.1,87.1,89.1,268.9,3.6,361.6,114.8,0.0,119.3,0.6,1.0,235.7,-0.8,0.6,-1.2,0.0,0.6,0.0,-0.8,876.2,326.0,2.7,27.2,32.2
London,Lewisham,Lewisham,E09000023,2019,9.4,4.1,4.7,0.1,0.1,18.3,38.8,43.6,0.0,82.5,11.7,23.1,0.0,34.8,83.8,257.7,3.9,345.4,93.2,0.0,160.1,0.6,1.3,255.2,-1.5,1.0,-1.8,0.0,0.9,0.0,-1.4,734.8,305.8,2.4,35.3,20.8
London,Merton,Merton,E09000024,2019,27.2,6.8,9.9,0.0,0.2,44.1,64.8,33.7,0.1,98.5,12.5,14.1,0.0,26.6,63.9,207.6,3.4,274.9,65.3,0.0,81.7,0.5,0.8,148.4,-1.3,0.9,-1.7,0.0,0.9,0.0,-1.1,591.3,206.5,2.9,37.6,15.7
London,Newham,Newham,E09000025,2019,50.5,100.1,13.1,1.1,0.1,164.9,123.0,47.3,0.4,170.7,33.0,35.6,0.0,68.6,78.1,212.3,3.4,293.7,215.7,0.0,90.5,0.7,17.5,324.4,-1.4,0.8,-1.4,0.0,0.7,0.0,-1.3,"1,021.0",353.1,2.9,38.6,26.5
London,Redbridge,Redbridge,E09000026,2019,8.9,3.2,9.6,0.0,0.4,22.1,34.4,26.4,0.1,60.9,9.6,17.3,0.1,27.0,80.4,280.0,4.0,364.4,181.9,36.9,98.0,0.2,1.6,318.6,-2.8,1.3,-2.4,0.0,1.3,0.0,-2.6,790.4,305.2,2.6,56.4,14.0
London,Richmond upon Thames,Richmond upon Thames,E09000027,2019,10.1,2.2,8.1,0.1,0.4,20.8,45.4,35.9,0.2,81.5,8.0,14.2,0.0,22.3,69.6,228.3,4.0,301.9,89.2,0.0,93.0,0.0,7.0,189.2,-2.9,1.6,-3.1,0.0,1.5,0.0,-2.9,612.8,198.0,3.1,58.8,10.4
London,Southwark,Southwark,E09000028,2019,36.1,8.4,7.7,0.3,0.1,52.6,147.2,100.4,0.6,248.2,34.6,74.2,0.1,108.9,91.9,201.3,3.9,297.0,100.4,0.0,125.2,0.5,1.1,227.1,-1.0,0.8,-1.4,0.0,0.7,0.0,-0.9,932.9,318.8,2.9,29.9,31.2
London,Sutton,Sutton,E09000029,2019,17.3,6.4,10.0,0.7,0.3,34.8,43.3,25.8,0.1,69.2,12.1,16.3,0.0,28.5,65.8,200.1,4.1,270.0,47.5,0.0,115.0,0.0,0.9,163.5,-1.6,1.2,-2.2,0.0,1.2,0.0,-1.5,564.4,206.3,2.7,43.8,12.9
London,Tower Hamlets,Tower Hamlets,E09000030,2019,91.7,11.6,15.8,1.9,0.0,121.1,303.8,94.6,1.3,399.7,76.4,50.0,0.2,126.6,87.6,136.0,2.4,226.1,171.7,0.0,112.6,0.2,1.3,285.8,-0.5,0.6,-1.0,0.0,0.5,0.0,-0.4,"1,158.8",324.7,3.6,21.6,53.7
London,Waltham Forest,Waltham Forest,E09000031,2019,19.1,6.7,10.9,0.1,0.2,36.9,37.8,28.7,0.2,66.6,10.0,18.4,0.0,28.4,70.2,232.2,3.8,306.3,130.1,0.0,75.1,1.0,1.1,207.3,-0.9,1.1,-1.8,0.0,0.9,0.0,-0.7,644.8,277.0,2.3,38.8,16.6
London,Wandsworth,Wandsworth,E09000032,2019,17.1,9.0,7.8,0.1,0.1,34.2,70.9,56.7,0.4,128.0,16.2,57.0,0.0,73.2,102.7,293.8,3.5,400.1,129.1,0.0,98.6,1.0,1.1,229.8,-1.2,0.9,-1.7,0.0,0.9,0.0,-1.1,864.2,329.7,2.6,35.2,24.5
London,Westminster,Westminster,E09000033,2019,53.3,15.0,43.0,0.3,0.1,111.7,498.0,316.0,7.6,821.7,82.2,121.3,0.9,204.3,100.0,185.8,4.4,290.1,180.9,0.0,89.6,2.0,1.1,273.5,-0.5,0.6,-1.0,0.0,0.5,0.0,-0.5,"1,700.9",261.3,6.5,22.0,77.2
South East,Bracknell Forest,Bracknell Forest,E06000036,2019,13.7,2.7,6.4,1.6,1.5,25.9,42.9,29.9,0.3,73.0,7.3,18.4,0.0,25.8,41.8,117.6,4.7,164.0,71.7,8.3,68.3,0.4,0.8,149.4,-13.0,3.7,-5.7,0.0,3.1,0.0,-12.0,426.1,122.5,3.5,109.4,3.9
South East,Brighton and Hove,Brighton and Hove,E06000043,2019,17.4,3.5,14.2,0.2,1.8,37.2,71.5,43.6,0.4,115.5,17.3,29.1,0.2,46.6,88.1,249.5,8.8,346.4,132.4,0.0,153.4,0.4,1.6,287.8,-5.1,1.8,-4.3,0.0,2.2,0.0,-5.4,828.0,290.9,2.8,85.4,9.7
South East,Buckinghamshire,Buckinghamshire,E06000060,2019,78.7,19.8,115.0,1.2,30.6,245.3,110.0,92.7,3.3,206.0,24.0,49.5,1.5,75.0,206.8,584.5,54.8,846.1,379.9,589.3,339.8,9.1,7.1,"1,325.2",-116.1,47.3,-76.6,0.0,34.5,0.0,-110.8,"2,586.7",544.0,4.8,"1,564.9",1.7
South East,East Sussex,Eastbourne,E07000061,2019,7.4,2.1,6.4,0.1,0.9,16.9,24.4,13.5,0.1,38.0,6.0,16.9,0.1,23.0,33.2,89.6,2.7,125.5,32.1,0.0,45.3,0.9,0.4,78.7,-4.8,1.0,-2.3,0.0,1.3,0.0,-4.8,277.4,103.7,2.7,45.3,6.1
South East,East Sussex,Hastings,E07000062,2019,9.5,2.1,7.7,0.0,0.3,19.7,15.6,8.8,0.0,24.4,4.8,5.4,0.1,10.3,30.6,83.5,2.7,116.8,26.0,0.0,42.6,0.3,0.4,69.3,-3.1,0.7,-1.4,0.0,0.8,0.0,-3.1,237.5,92.7,2.6,30.8,7.7
South East,East Sussex,Lewes,E07000063,2019,12.2,5.0,18.3,1.7,9.5,46.5,13.9,7.8,0.7,22.3,4.3,6.6,0.4,11.4,37.0,90.4,18.3,145.7,97.4,0.0,68.8,4.9,0.9,172.0,-26.9,6.0,-13.3,0.0,6.9,0.0,-27.3,370.6,103.3,3.6,294.4,1.3
South East,East Sussex,Rother,E07000064,2019,12.6,40.2,15.4,6.6,15.9,90.7,18.1,7.6,0.8,26.4,3.3,4.3,0.3,7.9,39.7,89.8,26.4,156.0,80.3,0.0,88.5,5.1,1.5,175.3,-75.0,9.5,-20.9,0.0,10.8,0.0,-75.6,380.7,96.1,4.0,517.1,0.7
South East,East Sussex,Wealden,E07000065,2019,19.4,2.9,35.4,0.0,24.4,82.0,21.3,12.5,1.8,35.6,3.9,6.3,0.7,11.0,66.0,139.4,56.4,261.7,169.7,0.0,166.3,4.0,2.3,342.3,-140.3,14.7,-34.7,0.0,17.2,0.0,-143.1,589.5,161.5,3.7,836.2,0.7
South East,Hampshire,Basingstoke and Deane,E07000084,2019,38.3,48.9,36.8,0.1,17.3,141.3,56.1,23.5,1.3,80.9,10.6,8.4,0.5,19.6,64.3,153.3,36.0,253.7,210.5,150.9,134.4,13.1,2.6,511.4,-68.7,23.8,-36.9,0.0,19.3,0.0,-62.4,944.5,176.6,5.3,633.8,1.5
South East,Hampshire,East Hampshire,E07000085,2019,21.9,3.8,39.2,0.0,13.3,78.3,16.5,12.4,0.9,29.8,3.7,5.2,0.7,9.6,49.6,121.2,27.9,198.7,185.9,12.9,125.6,0.5,2.7,327.6,-56.6,15.9,-30.5,0.0,15.9,0.0,-55.2,588.8,122.3,4.8,514.4,1.1
South East,Hampshire,Eastleigh,E07000086,2019,25.1,6.1,21.3,0.0,1.7,54.2,35.1,15.7,0.3,51.1,6.9,8.0,0.0,15.0,42.4,121.7,6.8,171.0,30.8,148.2,77.5,8.2,7.9,272.6,-8.2,4.3,-1.5,0.0,2.7,0.0,-2.7,561.1,133.6,4.2,85.3,6.6
South East,Hampshire,Fareham,E07000087,2019,20.0,6.6,16.3,2.8,1.6,47.3,23.2,17.9,0.1,41.2,6.1,13.7,0.1,19.8,38.3,108.9,6.4,153.7,47.3,92.8,60.9,0.9,1.0,202.9,-7.2,2.2,-3.7,0.0,2.5,0.0,-6.3,458.5,116.2,3.9,77.9,5.9
South East,Hampshire,Gosport,E07000088,2019,12.1,2.1,7.8,0.1,0.3,22.4,12.3,9.1,0.1,21.5,4.2,5.2,0.0,9.4,27.1,64.3,2.9,94.4,11.3,0.0,44.9,0.0,0.3,56.4,-2.6,0.8,-1.0,0.0,1.0,0.0,-1.9,202.2,84.8,2.4,27.6,7.3
South East,Hampshire,Hart,E07000089,2019,17.6,2.4,22.5,0.1,4.5,47.1,35.7,14.7,1.0,51.4,5.7,7.1,0.4,13.1,35.5,110.3,7.9,153.6,48.3,103.9,78.9,1.7,1.4,234.3,-29.1,6.8,-11.4,0.0,6.4,0.0,-27.2,472.3,97.1,4.9,215.3,2.2
South East,Hampshire,Havant,E07000090,2019,14.8,4.6,19.4,1.2,0.9,40.9,20.9,8.1,0.1,29.1,4.7,4.9,0.0,9.7,41.7,116.7,5.9,164.3,65.5,34.0,64.3,0.1,0.9,164.8,-5.2,1.6,-3.4,0.0,2.3,0.0,-4.7,404.2,126.2,3.2,78.9,5.1
South East,Hampshire,New Forest,E07000091,2019,30.6,18.8,58.4,108.0,14.4,230.3,48.8,15.9,1.7,66.4,9.1,7.8,0.4,17.2,67.9,174.1,28.6,270.6,204.5,44.4,209.0,2.7,2.6,463.3,-125.7,20.3,-35.2,0.0,20.8,0.0,-119.7,928.0,180.1,5.2,776.3,1.2
South East,Hampshire,Rushmoor,E07000092,2019,17.6,5.5,13.5,0.0,0.3,36.9,25.2,26.6,0.3,52.0,4.6,8.6,0.1,13.3,29.2,87.7,2.4,119.3,59.3,26.6,47.2,1.4,0.8,135.3,-7.9,1.1,-1.9,0.0,1.1,0.0,-7.6,349.3,94.6,3.7,39.0,8.9
South East,Hampshire,Test Valley,E07000093,2019,32.3,17.5,42.1,1.2,20.9,114.0,29.0,25.4,1.4,55.8,4.9,14.9,0.6,20.4,49.3,93.9,45.4,188.6,201.5,126.7,114.4,9.3,2.3,454.2,-71.6,30.9,-19.0,-0.1,19.6,0.0,-40.1,792.8,126.2,6.3,627.6,1.3
South East,Hampshire,Winchester,E07000094,2019,23.4,2.5,50.0,0.0,20.9,96.8,40.2,20.5,1.7,62.4,11.8,14.9,0.6,27.2,47.4,109.0,33.4,189.8,140.0,179.0,131.7,1.8,2.6,455.1,-57.1,20.6,-33.1,-0.1,20.3,0.0,-49.3,782.0,124.9,6.3,661.1,1.2
South East,Isle of Wight,Isle of Wight,E06000046,2019,17.8,15.3,28.2,1.4,11.5,74.2,33.0,41.1,0.7,74.8,5.6,21.9,0.2,27.7,54.7,123.5,20.7,199.0,65.3,0.0,52.7,0.0,0.7,118.7,-34.0,7.2,-12.8,0.0,9.1,0.0,-30.4,463.9,141.8,3.3,392.8,1.2
South East,Kent,Ashford,E07000105,2019,24.1,7.0,38.3,7.2,15.3,92.0,27.2,27.2,1.3,55.7,4.5,8.2,0.3,13.0,46.3,98.6,38.1,182.9,95.9,105.2,77.9,1.4,2.0,282.4,-67.9,9.3,-22.8,0.0,10.5,0.0,-70.8,555.2,130.0,4.3,580.6,1.0
South East,Kent,Canterbury,E07000106,2019,14.1,18.0,12.0,0.1,6.2,50.4,41.3,14.6,0.7,56.6,10.9,20.7,0.2,31.8,50.2,147.0,12.2,209.4,145.4,0.0,79.2,0.1,1.2,225.9,-28.7,5.2,-12.4,0.0,7.5,0.0,-28.3,545.7,165.4,3.3,318.6,1.7
South East,Kent,Dartford,E07000107,2019,19.0,5.2,17.7,0.7,1.0,43.6,26.2,17.3,0.5,44.1,5.1,10.5,0.0,15.6,34.5,102.1,4.7,141.2,181.7,128.3,40.2,0.0,1.6,351.8,-5.8,1.9,-3.7,0.0,2.0,0.0,-5.7,590.6,112.6,5.2,76.3,7.7
South East,Kent,Dover,E07000108,2019,14.7,5.6,26.5,6.0,7.0,59.9,22.2,31.2,0.6,54.0,5.5,15.9,0.4,21.8,37.9,104.6,14.4,156.9,96.9,0.0,58.9,0.1,0.8,156.7,-15.6,7.7,-13.6,0.0,7.9,0.0,-13.6,435.7,118.1,3.7,320.8,1.4
South East,Kent,Folkestone and Hythe,E07000112,2019,17.7,2.1,19.2,0.0,9.5,48.4,23.4,12.7,0.8,36.9,5.7,9.0,0.3,14.9,39.0,97.7,20.1,156.8,64.5,62.9,61.5,0.0,7.6,196.6,-25.5,5.8,-14.0,0.0,7.2,0.0,-26.6,427.2,113.0,3.8,365.5,1.2
South East,Kent,Gravesham,E07000109,2019,24.2,52.3,8.8,2.4,1.8,89.6,28.5,9.1,0.1,37.7,7.5,5.6,0.1,13.1,32.5,96.4,8.3,137.2,130.7,19.2,36.5,0.0,0.9,187.4,-8.2,2.2,-4.7,0.0,2.7,0.0,-8.0,457.0,106.9,4.3,105.0,4.4
South East,Kent,Maidstone,E07000110,2019,26.5,10.1,55.1,0.1,11.2,103.0,39.8,19.8,1.5,61.2,9.0,15.0,0.3,24.2,58.9,153.2,22.7,234.7,117.9,170.6,83.1,0.1,3.7,375.3,-41.9,7.2,-17.1,0.0,7.7,0.0,-44.2,754.2,171.8,4.4,393.4,1.9
South East,Kent,Sevenoaks,E07000111,2019,16.6,3.8,21.2,0.0,9.3,51.0,20.3,12.7,1.3,34.4,3.7,6.1,0.3,10.1,49.5,127.7,25.2,202.4,88.9,337.4,78.0,5.1,2.5,511.9,-47.1,8.3,-16.4,0.0,8.3,0.0,-46.9,762.8,120.8,6.3,370.3,2.1
South East,Kent,Swale,E07000113,2019,40.1,72.3,50.8,401.9,8.6,573.6,36.4,21.8,1.3,59.5,7.9,8.6,0.2,16.7,48.3,127.8,13.2,189.3,130.2,124.7,75.8,2.3,1.7,334.7,-24.7,6.4,-14.4,0.0,9.5,0.0,-23.2,"1,150.6",150.1,7.7,422.0,2.7
South East,Kent,Thanet,E07000114,2019,15.3,30.4,14.2,0.0,2.0,61.9,29.6,81.0,0.2,110.8,8.5,19.2,0.2,27.8,47.5,135.3,4.8,187.7,67.2,0.0,56.8,0.2,4.1,128.4,-0.3,1.9,-4.6,0.0,3.4,0.0,0.3,516.9,141.9,3.6,112.5,4.6
South East,Kent,Tonbridge and Malling,E07000115,2019,29.2,31.9,28.4,0.0,5.6,95.1,29.5,9.4,1.0,39.9,4.5,3.2,0.3,8.0,45.7,126.1,13.7,185.5,135.7,191.1,61.1,0.2,3.2,391.4,-26.3,4.7,-10.3,0.0,5.0,0.0,-26.9,693.0,132.2,5.2,241.0,2.9
South East,Kent,Tunbridge Wells,E07000116,2019,14.7,1.5,16.4,0.0,9.1,41.7,38.6,14.8,0.7,54.1,6.5,8.6,0.3,15.4,45.8,111.5,26.2,183.5,94.8,0.0,64.9,0.3,1.0,161.0,-56.9,5.3,-12.8,0.0,5.9,0.0,-58.5,397.2,118.7,3.3,331.3,1.2
South East,Medway,Medway,E06000035,2019,28.7,35.7,34.3,0.0,3.3,102.0,42.2,12.5,0.5,55.2,14.8,15.1,0.1,30.0,84.7,245.7,13.5,343.9,112.5,66.2,121.2,0.1,1.6,301.6,-12.9,4.2,-8.9,0.0,5.5,0.0,-12.1,820.5,278.6,2.9,269.1,3.0
South East,Milton Keynes,Milton Keynes,E06000042,2019,73.6,31.4,32.5,0.0,6.9,144.5,101.2,77.6,1.1,179.9,20.9,25.6,0.8,47.3,83.7,249.5,16.0,349.2,161.3,195.3,220.4,1.0,2.9,580.9,-14.3,7.5,-11.5,0.0,3.0,0.0,-15.3,"1,286.4",269.5,4.8,308.6,4.2
South East,Oxfordshire,Cherwell,E07000177,2019,33.5,62.3,98.8,11.1,17.7,223.3,51.7,34.8,1.9,88.4,9.1,15.1,0.7,24.9,56.7,123.0,45.7,225.3,214.6,286.1,98.2,25.5,14.4,638.8,-17.3,16.5,-26.0,0.0,10.2,0.0,-16.7,"1,184.1",150.5,7.9,588.7,2.0
South East,Oxfordshire,Oxford,E07000178,2019,16.0,43.3,22.2,5.0,0.7,87.2,66.5,54.6,0.2,121.2,41.8,52.6,0.1,94.5,42.4,133.0,5.5,180.9,70.0,0.0,45.9,4.1,8.9,129.0,-2.6,1.4,-2.3,0.0,1.1,0.0,-2.4,610.3,152.5,4.0,45.6,13.4
South East,Oxfordshire,South Oxfordshire,E07000179,2019,32.6,4.1,41.0,0.0,22.2,99.9,57.7,28.6,1.4,87.7,9.0,8.9,0.7,18.6,59.8,138.4,37.0,235.1,108.4,156.4,99.6,16.2,35.0,415.5,-59.9,20.3,-36.3,0.0,17.8,0.0,-58.1,798.7,142.1,5.6,678.5,1.2
South East,Oxfordshire,Vale of White Horse,E07000180,2019,42.9,9.6,41.6,0.1,17.7,111.9,47.0,26.6,0.9,74.5,9.6,13.2,0.3,23.2,50.7,127.7,26.2,204.6,270.6,0.0,87.8,14.8,24.5,397.7,-17.1,17.6,-29.9,0.0,14.1,0.0,-15.3,796.5,136.0,5.9,578.7,1.4
South East,Oxfordshire,West Oxfordshire,E07000181,2019,30.6,5.1,53.8,2.7,20.0,112.2,28.9,13.9,2.0,44.8,4.1,12.0,0.8,16.9,46.1,99.1,36.9,182.1,96.7,0.0,92.4,3.1,16.7,209.0,-26.2,20.5,-32.8,0.0,13.6,0.0,-24.9,540.2,110.6,4.9,714.4,0.8
South East,Portsmouth,Portsmouth,E06000044,2019,28.7,7.8,31.9,3.6,0.5,72.6,68.5,47.2,0.7,116.5,24.9,24.3,0.4,49.7,62.1,161.4,6.6,230.1,92.6,87.1,102.0,1.8,1.5,285.0,-3.1,1.0,-2.1,0.0,1.5,0.0,-2.8,751.1,214.9,3.5,60.1,12.5
South East,Reading,Reading,E06000038,2019,36.6,5.4,13.6,0.1,0.4,56.1,46.4,37.6,0.3,84.3,14.1,26.8,0.1,41.0,53.2,146.2,4.8,204.1,55.6,11.0,46.9,9.4,5.5,128.4,-3.9,1.4,-2.5,0.0,1.3,0.0,-3.7,510.2,161.8,3.2,40.4,12.6
South East,Slough,Slough,E06000039,2019,100.6,28.0,27.5,15.4,0.3,171.8,117.8,23.5,0.2,141.5,19.8,9.6,0.1,29.5,41.0,115.3,2.7,159.0,33.8,98.5,50.2,10.8,0.8,194.1,-3.6,1.0,-1.5,0.0,0.8,0.0,-3.3,692.6,149.5,4.6,32.5,21.3
South East,Southampton,Southampton,E06000045,2019,26.4,25.0,31.9,0.4,0.4,84.0,60.2,32.1,0.3,92.6,19.3,43.8,0.1,63.2,79.5,169.9,8.4,257.8,80.6,20.8,124.5,0.7,4.6,231.2,-7.3,1.6,-2.1,0.0,1.7,0.0,-6.1,722.6,252.5,2.9,56.4,12.8
South East,Surrey,Elmbridge,E07000207,2019,12.0,4.6,10.1,0.0,1.4,28.1,35.0,37.1,0.3,72.4,5.4,11.3,0.0,16.7,58.2,183.8,6.1,248.1,128.6,61.6,87.7,1.2,6.0,285.2,-7.7,2.4,-4.8,0.0,2.4,0.0,-7.7,642.8,136.8,4.7,96.3,6.7
South East,Surrey,Epsom and Ewell,E07000208,2019,2.6,0.3,2.0,0.1,0.5,5.4,12.8,7.4,0.1,20.3,3.8,7.0,0.0,10.8,27.0,93.1,2.7,122.7,24.1,0.0,47.2,6.2,0.4,77.9,-1.6,0.7,-1.4,0.0,0.7,0.0,-1.6,235.6,80.6,2.9,34.1,6.9
South East,Surrey,Guildford,E07000209,2019,15.4,3.9,14.0,0.0,4.3,37.6,44.7,29.6,0.6,75.0,10.2,22.9,0.3,33.4,52.3,156.3,12.0,220.6,259.6,34.8,100.1,4.3,3.0,401.8,-58.8,7.2,-13.0,0.0,7.1,0.0,-57.5,710.8,149.0,4.8,270.9,2.6
South East,Surrey,Mole Valley,E07000210,2019,21.6,20.8,11.0,8.4,5.5,67.2,25.3,15.1,0.4,40.9,5.2,6.0,0.1,11.3,36.1,110.6,10.4,157.1,74.2,105.3,71.0,4.0,1.3,255.7,-50.8,6.3,-13.2,0.0,6.6,0.0,-51.0,481.1,87.2,5.5,258.3,1.9
South East,Surrey,Reigate and Banstead,E07000211,2019,20.2,12.1,28.2,0.1,2.4,63.0,41.1,16.0,0.3,57.3,11.8,11.4,0.1,23.3,53.3,175.1,7.7,236.1,75.1,160.0,97.3,2.6,1.8,336.7,-10.9,3.0,-6.5,0.0,3.1,0.0,-11.4,705.0,148.7,4.7,129.1,5.5
South East,Surrey,Runnymede,E07000212,2019,8.9,1.4,10.6,1.4,0.7,23.1,34.8,21.0,0.5,56.3,8.6,22.9,0.0,31.4,32.1,90.1,4.9,127.2,48.9,227.4,58.2,5.8,5.4,345.6,-5.2,2.1,-3.8,0.0,1.9,0.0,-5.0,578.6,89.4,6.5,78.0,7.4
South East,Surrey,Spelthorne,E07000213,2019,11.8,2.5,10.5,0.0,0.4,25.2,26.2,16.1,0.1,42.4,4.3,4.7,0.0,9.0,35.0,102.5,3.8,141.3,42.3,71.6,52.4,0.0,8.5,174.8,-2.6,1.3,-2.6,0.0,1.3,0.0,-2.6,390.1,99.8,3.9,51.2,7.6
South East,Surrey,Surrey Heath,E07000214,2019,10.1,2.2,42.3,0.0,0.9,55.6,29.2,18.2,0.4,47.8,4.7,11.1,0.0,15.9,33.1,109.9,4.0,147.0,69.0,126.9,65.9,0.5,1.5,263.7,-15.1,5.2,2.8,0.0,2.7,0.0,-4.3,525.7,89.3,5.9,95.1,5.5
South East,Surrey,Tandridge,E07000215,2019,6.3,1.4,10.1,0.0,6.8,24.5,17.5,13.4,0.5,31.4,4.0,6.6,0.1,10.7,35.6,106.3,11.1,153.1,44.4,233.8,80.7,9.7,1.7,370.4,-25.2,5.8,-12.4,0.0,5.9,0.0,-26.0,564.2,88.1,6.4,248.2,2.3
South East,Surrey,Waverley,E07000216,2019,10.2,3.5,12.0,0.0,6.3,32.1,22.4,21.9,0.5,44.8,5.0,11.1,0.2,16.3,51.7,155.0,16.1,222.9,123.6,0.0,123.7,0.3,1.5,249.2,-63.4,8.1,-15.7,0.0,8.2,0.0,-62.8,502.5,126.3,4.0,345.2,1.5
South East,Surrey,Woking,E07000217,2019,31.4,5.3,8.5,0.3,0.7,46.3,48.7,17.0,0.3,66.0,7.5,5.6,0.0,13.2,37.6,108.3,5.5,151.4,35.5,25.8,56.0,2.1,1.2,120.5,-11.0,2.0,-1.4,0.0,1.6,0.0,-8.8,388.6,100.8,3.9,63.6,6.1
South East,West Berkshire,West Berkshire,E06000037,2019,53.1,43.9,69.8,4.6,20.1,191.5,51.2,21.5,2.5,75.2,9.5,11.4,1.4,22.3,66.2,124.5,57.4,248.1,211.0,355.6,103.3,19.2,9.0,698.0,-76.0,23.1,-41.6,0.0,20.9,0.0,-73.6,"1,161.5",158.5,7.3,704.2,1.6
South East,West Sussex,Adur,E07000223,2019,8.2,2.2,7.5,0.0,1.1,19.1,8.0,7.3,0.0,15.4,1.5,2.8,0.0,4.3,21.5,56.1,3.3,81.0,54.3,0.0,26.4,0.0,13.0,93.7,-4.0,1.0,-2.4,0.0,1.3,0.0,-4.1,209.2,64.3,3.3,43.6,4.8
South East,West Sussex,Arun,E07000224,2019,13.9,4.7,31.3,0.0,5.7,55.6,25.1,27.9,0.6,53.6,4.9,9.8,0.1,14.8,58.2,158.5,11.2,227.9,103.8,0.0,92.5,0.1,1.1,197.6,-28.4,4.4,-10.4,0.0,5.9,0.0,-28.5,520.9,160.8,3.2,224.7,2.3
South East,West Sussex,Chichester,E07000225,2019,24.2,20.8,80.0,0.0,20.4,145.4,32.9,45.6,2.0,80.4,7.6,23.3,0.9,31.8,55.1,100.8,46.8,202.7,148.5,0.0,148.8,0.2,1.7,299.2,-128.7,17.5,-37.7,0.0,20.8,0.0,-128.1,631.5,121.1,5.2,812.4,0.8
South East,West Sussex,Crawley,E07000226,2019,42.5,5.5,47.8,0.4,0.5,96.8,51.2,35.0,0.6,86.8,9.3,8.3,0.1,17.7,33.2,96.9,3.1,133.1,56.7,79.5,53.5,0.1,57.3,247.1,-8.5,0.9,-2.0,0.0,1.0,0.0,-8.7,572.8,112.4,5.1,45.0,12.7
South East,West Sussex,Horsham,E07000227,2019,21.5,28.2,48.8,13.1,14.2,125.7,27.4,12.8,1.8,42.0,4.4,5.8,0.6,10.8,58.1,128.1,36.5,222.8,179.3,0.0,109.1,3.0,1.6,293.1,-72.4,10.7,-24.5,-0.1,12.5,0.0,-73.7,620.6,143.8,4.3,531.0,1.2
South East,West Sussex,Mid Sussex,E07000228,2019,18.0,13.5,31.7,19.3,8.1,90.6,27.1,17.9,1.3,46.3,6.7,11.0,0.5,18.2,55.6,147.2,21.9,224.7,167.0,0.7,117.7,0.6,2.7,288.9,-68.3,6.4,-15.8,0.0,7.6,0.0,-70.1,598.6,151.0,4.0,334.0,1.8
South East,West Sussex,Worthing,E07000229,2019,9.8,14.2,11.8,0.3,0.5,36.7,18.0,10.3,0.1,28.4,8.2,9.5,0.0,17.7,37.7,100.6,4.4,142.7,38.8,0.0,45.6,7.7,0.5,92.6,-3.4,0.7,-1.6,0.0,0.9,0.0,-3.4,314.7,110.6,2.8,33.8,9.3
South East,Windsor and Maidenhead,Windsor and Maidenhead,E06000040,2019,21.4,6.4,21.1,0.0,4.0,52.9,53.9,33.7,1.0,88.7,9.9,12.8,0.4,23.1,59.1,173.9,14.5,247.6,99.5,166.0,96.3,9.7,22.9,394.3,-25.5,7.0,-10.8,0.0,5.9,0.0,-23.5,783.1,151.4,5.2,198.4,3.9
South East,Wokingham,Wokingham,E06000041,2019,21.1,4.6,15.0,0.1,4.1,44.9,45.8,28.6,0.7,75.1,7.5,6.7,0.1,14.4,59.0,186.9,10.8,256.7,76.7,156.0,97.7,12.4,9.7,352.5,-18.3,5.9,-10.2,0.0,5.2,0.0,-17.4,726.2,171.1,4.2,179.0,4.1
South West,Bath and North East Somerset,Bath and North East Somerset,E06000022,2019,18.2,3.9,31.0,0.1,14.8,67.9,42.6,29.6,1.0,73.1,8.3,31.2,0.2,39.7,65.4,179.8,21.1,266.3,112.1,0.0,113.4,5.7,1.3,232.4,-19.0,10.4,-16.0,0.0,13.8,0.0,-10.8,668.7,193.3,3.5,351.1,1.9
South West,"Bristol, City of","Bristol, City of",E06000023,2019,59.0,22.3,42.6,4.8,1.3,130.1,133.2,70.7,0.8,204.6,39.0,64.3,0.5,103.8,139.1,391.0,15.4,545.5,133.1,82.5,269.7,5.3,3.6,494.1,-6.5,2.8,-4.4,0.0,5.2,0.0,-2.8,"1,475.5",463.4,3.2,235.4,6.3
South West,Cornwall,Cornwall,E06000052,2019,101.0,23.4,282.8,11.2,138.7,557.1,150.0,125.6,9.8,285.4,22.0,43.3,2.3,67.6,263.8,289.9,223.0,776.7,629.5,0.0,402.5,29.6,9.8,"1,071.3",-207.6,133.7,-168.9,-1.5,87.7,0.0,-156.6,"2,601.6",569.6,4.6,"3,612.1",0.7
South West,Devon,East Devon,E07000040,2019,15.4,2.3,36.8,0.0,31.8,86.2,30.3,12.9,2.0,45.2,4.3,5.9,0.5,10.7,55.8,114.4,36.1,206.4,153.0,63.3,84.6,6.8,8.7,316.3,-57.3,27.0,-41.7,0.0,29.4,0.0,-42.6,622.2,146.3,4.3,822.7,0.8
South West,Devon,Exeter,E07000041,2019,17.9,6.9,16.3,3.4,0.9,45.3,46.9,31.0,0.2,78.1,14.7,33.6,0.1,48.4,36.5,97.6,4.8,138.8,36.8,24.1,40.6,2.7,0.6,104.8,-5.6,1.3,-2.3,0.0,1.9,0.0,-4.7,410.7,131.4,3.1,47.9,8.6
South West,Devon,Mid Devon,E07000042,2019,19.3,21.6,36.3,5.8,40.3,123.3,18.0,11.3,1.1,30.4,1.7,5.2,0.4,7.3,32.4,44.6,33.2,110.2,87.3,108.1,75.4,3.3,2.4,276.5,-55.7,26.7,-41.3,0.0,31.2,0.0,-39.1,508.6,82.3,6.2,912.9,0.6
South West,Devon,North Devon,E07000043,2019,21.4,8.3,33.0,0.1,51.0,113.7,29.2,11.6,1.3,42.2,4.5,7.1,0.6,12.1,38.1,72.2,27.3,137.6,95.2,0.0,83.3,0.8,1.0,180.2,-66.4,30.4,-45.0,0.0,29.0,0.0,-52.2,433.6,97.1,4.5,"1,104.7",0.4
South West,Devon,South Hams,E07000044,2019,20.4,7.3,52.9,0.0,32.3,113.0,24.2,21.1,1.8,47.1,3.3,5.0,0.3,8.5,42.4,60.6,31.3,134.3,158.6,0.0,74.9,3.3,2.2,239.0,-48.8,24.5,-34.8,-6.3,29.6,0.0,-35.7,506.2,87.0,5.8,905.2,0.6
South West,Devon,Teignbridge,E07000045,2019,19.0,10.3,65.8,0.0,21.1,116.2,24.0,16.3,1.7,41.9,4.0,10.7,0.2,14.9,51.0,104.3,24.9,180.1,292.4,19.9,88.9,3.8,2.3,407.4,-61.5,16.9,-25.2,0.0,23.9,0.0,-45.8,714.8,134.2,5.3,680.1,1.1
South West,Devon,Torridge,E07000046,2019,9.7,1.4,24.3,0.1,44.4,79.9,15.4,3.0,1.1,19.5,1.7,1.9,0.4,4.0,28.3,34.3,34.3,96.9,49.5,0.0,75.1,0.1,0.7,125.4,-71.9,34.3,-53.5,0.0,23.4,0.0,-67.6,258.2,68.3,3.8,995.2,0.3
South West,Devon,West Devon,E07000047,2019,11.6,19.7,16.3,1.4,37.9,86.9,15.4,6.8,1.0,23.2,2.3,4.8,0.3,7.4,23.7,33.3,27.4,84.4,123.7,0.0,57.5,1.1,2.7,185.0,-90.1,26.1,-23.9,-2.2,36.8,0.0,-53.5,333.4,55.8,6.0,"1,164.7",0.3
South West,Dorset,"Bournemouth, Christchurch and Poole",E06000058,2019,50.7,19.9,62.0,6.4,1.7,140.7,99.7,59.3,0.7,159.7,23.6,32.5,0.6,56.7,134.3,371.8,10.0,516.0,182.7,0.0,231.9,1.6,14.0,430.2,-16.6,3.8,-7.8,0.0,5.1,0.0,-15.5,"1,287.8",395.3,3.3,173.9,7.4
South West,Dorset,Dorset,E06000059,2019,77.7,43.0,104.8,0.0,90.7,316.2,87.1,24.0,3.5,114.7,18.8,16.9,1.7,37.4,148.7,318.6,89.4,556.7,374.4,0.0,374.4,13.9,4.7,767.4,-148.6,77.3,-132.0,-0.1,73.3,0.0,-130.1,"1,662.3",378.5,4.4,"2,521.1",0.7
South West,Gloucestershire,Cheltenham,E07000078,2019,17.9,9.6,14.4,0.7,1.0,43.6,36.2,25.2,0.2,61.6,10.0,15.5,0.0,25.5,40.3,121.1,4.2,165.7,36.7,0.0,53.4,2.5,0.8,93.4,-1.6,1.5,-2.1,0.0,1.1,0.0,-1.1,388.7,116.3,3.3,46.6,8.3
South West,Gloucestershire,Cotswold,E07000079,2019,16.3,10.1,42.4,4.1,36.7,109.7,23.6,14.3,2.1,40.0,2.8,3.6,0.6,7.0,46.5,75.4,37.4,159.4,184.5,0.0,97.6,2.3,6.1,290.5,-56.1,34.7,-57.5,0.0,26.2,0.0,-52.7,553.9,89.9,6.2,"1,164.5",0.5
South West,Gloucestershire,Forest of Dean,E07000080,2019,30.1,50.3,33.6,3.7,16.6,134.2,17.6,7.8,1.0,26.4,4.0,4.1,0.7,8.8,35.2,54.4,39.9,129.6,51.9,32.8,83.5,11.6,0.9,180.7,-50.7,17.8,-23.9,0.0,16.0,0.0,-40.8,438.9,86.8,5.1,561.4,0.8
South West,Gloucestershire,Gloucester,E07000081,2019,27.4,14.9,24.9,0.3,0.6,68.1,33.1,54.9,0.2,88.2,12.0,32.8,0.1,44.8,41.1,115.7,5.8,162.6,57.9,0.1,55.3,2.8,4.6,120.6,-4.7,1.1,-1.9,0.0,1.1,0.0,-4.4,479.9,129.1,3.7,40.8,11.8
South West,Gloucestershire,Stroud,E07000082,2019,33.5,30.7,44.2,0.1,17.4,125.9,27.1,13.3,1.1,41.4,5.3,6.2,0.2,11.7,46.1,115.1,21.8,183.0,60.7,217.7,99.6,5.7,9.8,393.6,-43.0,11.9,-20.1,0.0,14.4,0.0,-36.8,718.8,120.0,6.0,476.2,1.5
South West,Gloucestershire,Tewkesbury,E07000083,2019,38.0,21.2,47.1,0.0,14.5,120.7,22.4,19.5,0.7,42.6,4.4,9.3,0.1,13.8,33.3,83.2,14.0,130.4,97.8,191.5,73.8,3.7,27.5,394.3,-15.8,12.5,-17.2,0.0,9.0,0.0,-11.4,690.4,95.0,7.3,415.0,1.7
South West,Isles of Scilly,Isles of Scilly,E06000053,2019,0.4,0.0,0.4,0.0,0.1,0.9,1.4,0.0,0.3,1.6,0.2,0.0,0.0,0.2,1.6,0.0,1.2,2.8,0.3,0.0,0.1,0.0,2.6,3.0,0.0,0.0,0.0,0.0,0.0,0.0,0.0,8.6,2.2,3.8,22.8,0.4
South West,North Somerset,North Somerset,E06000024,2019,31.8,75.3,54.2,3.3,15.8,180.3,42.8,31.0,1.1,74.9,9.7,13.2,0.5,23.5,73.0,199.7,21.1,293.7,94.5,260.8,183.6,5.9,17.0,561.9,-17.3,13.0,7.1,0.0,18.6,0.0,21.3,"1,155.6",215.1,5.4,390.7,3.0
South West,Plymouth,Plymouth,E06000026,2019,34.5,17.9,57.1,9.1,0.9,119.6,53.8,39.7,0.3,93.8,16.6,39.4,0.3,56.2,79.8,206.6,6.9,293.4,121.8,0.0,177.8,1.3,1.7,302.5,-5.3,2.1,-3.7,0.0,3.4,0.0,-3.6,861.9,262.1,3.3,84.4,10.2
South West,Somerset,Mendip,E07000187,2019,34.0,11.4,73.4,11.5,33.0,163.3,28.2,19.0,1.4,48.6,4.5,10.6,0.5,15.6,43.7,91.5,30.0,165.2,121.8,0.0,109.9,18.1,1.3,251.1,-39.2,34.6,30.4,108.6,25.8,0.0,160.2,803.9,115.6,7.0,739.4,1.1
South West,Somerset,Sedgemoor,E07000188,2019,41.0,27.3,73.9,0.0,25.1,167.2,31.4,17.5,1.4,50.3,6.2,8.7,0.3,15.2,46.2,81.3,35.7,163.3,94.7,225.1,103.3,4.5,2.4,430.0,-15.3,63.8,10.0,5.8,19.8,0.0,84.2,910.1,123.2,7.4,605.9,1.5
South West,Somerset,Somerset West and Taunton,E07000246,2019,25.0,4.0,30.8,0.0,43.8,103.7,30.3,15.8,1.5,47.5,7.2,12.7,0.4,20.2,58.1,111.0,40.1,209.2,101.8,123.0,183.8,4.1,5.4,418.2,-88.7,36.4,-55.5,0.0,35.7,0.0,-72.0,726.8,155.1,4.7,"1,210.5",0.6
South West,Somerset,South Somerset,E07000189,2019,44.2,30.5,92.0,4.9,39.4,211.0,32.7,22.3,1.8,56.8,5.8,20.1,0.6,26.6,68.5,110.7,56.8,236.1,234.3,0.0,125.1,17.6,1.9,379.0,-39.7,37.5,-26.5,0.0,30.4,0.0,1.6,911.0,168.3,5.4,959.1,0.9
South West,South Gloucestershire,South Gloucestershire,E06000025,2019,65.1,31.3,97.2,17.6,18.0,229.3,69.5,51.2,1.8,122.5,16.6,23.2,0.8,40.6,92.0,238.9,36.7,367.6,156.2,502.7,237.2,15.8,4.5,916.6,-27.7,14.5,-22.2,0.0,18.9,0.0,-16.5,"1,660.1",285.1,5.8,536.4,3.1
South West,Swindon,Swindon,E06000030,2019,47.6,41.4,40.6,0.3,6.6,136.6,80.5,43.7,0.7,124.9,13.4,18.9,0.4,32.6,71.6,207.1,7.6,286.3,131.1,115.2,186.4,2.5,7.8,443.0,-5.5,7.0,-11.5,0.0,5.7,0.0,-4.3,"1,019.0",222.2,4.6,230.1,4.4
South West,Torbay,Torbay,E06000027,2019,8.3,7.0,6.2,0.0,1.0,22.6,29.3,34.3,0.1,63.8,6.7,19.6,0.0,26.3,47.9,126.8,3.9,178.5,50.3,0.0,83.5,0.4,1.4,135.5,-4.2,1.8,-2.9,0.0,2.7,0.0,-2.7,424.1,136.3,3.1,119.5,3.6
South West,Wiltshire,Wiltshire,E06000054,2019,107.3,87.5,177.6,0.6,116.0,489.0,120.3,83.1,5.4,208.8,25.6,54.5,2.7,82.9,201.2,365.8,142.4,709.4,539.3,250.7,394.2,45.2,11.8,"1,241.2",-156.4,96.5,-188.4,0.0,103.9,0.0,-144.4,"2,586.9",500.0,5.2,"3,255.3",0.8
Wales,Wales,Blaenau Gwent,W06000019,2019,16.7,34.8,18.2,0.0,0.5,70.2,10.8,13.1,0.1,24.0,3.6,9.5,0.2,13.3,20.1,82.9,5.0,108.0,46.5,0.0,32.7,0.3,0.4,80.0,-8.5,3.4,-0.2,-0.1,1.8,0.0,-3.6,291.9,69.9,4.2,108.7,2.7
Wales,Wales,Bridgend,W06000013,2019,36.2,56.6,49.4,70.5,7.0,219.8,32.2,12.8,0.4,45.4,10.3,17.1,0.3,27.8,42.7,151.3,10.7,204.7,82.5,105.7,104.2,5.9,1.5,299.8,-16.4,9.2,-2.8,-0.1,4.8,0.0,-5.3,792.2,147.0,5.4,255.1,3.1
Wales,Wales,Caerphilly,W06000018,2019,43.2,31.8,55.6,2.5,6.3,139.4,26.2,13.1,0.3,39.7,8.4,8.6,0.5,17.5,52.2,194.4,20.6,267.3,102.8,0.0,137.4,4.1,1.3,245.6,-20.7,9.9,-3.2,0.0,5.9,0.0,-8.1,701.4,181.1,3.9,277.4,2.5
Wales,Wales,Cardiff,W06000015,2019,53.6,81.8,43.5,37.4,2.9,219.2,120.6,79.0,0.9,200.5,39.0,58.4,1.7,99.1,104.5,325.6,9.1,439.1,221.0,120.8,315.3,8.7,3.6,669.5,-8.1,5.8,-3.7,0.0,4.8,0.0,-1.3,"1,626.1",366.9,4.4,149.4,10.9
Wales,Wales,Carmarthenshire,W06000010,2019,45.5,31.8,49.6,50.4,116.1,293.5,55.2,9.7,1.9,66.8,12.5,12.5,0.8,25.7,64.1,127.4,150.5,342.0,243.6,19.0,152.7,4.6,2.2,422.0,-181.7,85.1,-38.1,-1.4,58.3,0.0,-77.7,"1,072.2",188.8,5.7,"2,438.8",0.4
Wales,Wales,Ceredigion,W06000008,2019,11.8,5.2,40.8,0.3,75.7,133.7,21.9,4.1,1.5,27.4,5.0,3.9,0.8,9.7,31.7,20.9,93.3,145.9,75.5,0.0,76.4,2.2,1.9,156.0,-117.5,55.3,28.5,-12.2,38.9,0.0,-6.9,465.7,72.7,6.4,"1,806.0",0.3
Wales,Wales,Conwy,W06000003,2019,10.7,2.1,15.7,0.0,21.9,50.5,25.8,14.6,0.6,41.1,5.3,8.9,0.5,14.7,40.5,107.9,32.2,180.6,186.5,0.0,75.3,3.3,1.3,266.5,-56.1,28.4,13.0,-9.9,24.8,0.0,0.2,553.5,117.2,4.7,"1,153.3",0.5
Wales,Wales,Denbighshire,W06000004,2019,17.0,4.9,41.5,0.0,23.9,87.3,18.5,11.9,0.6,31.1,5.2,12.4,0.4,18.0,33.9,78.4,41.5,153.9,126.1,0.0,56.4,2.2,7.3,192.0,-54.3,25.7,-5.5,-4.3,20.7,0.0,-17.7,464.5,95.7,4.9,846.4,0.5
Wales,Wales,Flintshire,W06000005,2019,119.6,113.0,93.0,574.5,16.3,916.3,43.7,42.3,1.1,87.1,10.1,7.9,0.3,18.3,50.2,132.8,66.3,249.4,254.9,0.0,112.6,3.4,6.7,377.6,-15.3,14.4,-11.1,0.0,12.7,0.0,0.6,"1,649.3",156.1,10.6,489.5,3.4
Wales,Wales,Gwynedd,W06000002,2019,23.8,4.2,55.1,0.0,50.6,133.6,28.9,13.5,2.7,45.1,7.7,13.5,0.9,22.0,51.1,68.4,93.8,213.3,189.2,0.0,66.9,4.1,5.8,266.0,-157.2,74.1,37.4,-24.3,53.6,0.0,-16.5,663.5,124.6,5.3,"2,623.0",0.3
Wales,Wales,Isle of Anglesey,W06000001,2019,10.8,4.5,24.5,0.0,36.7,76.5,17.1,11.6,1.0,29.7,2.9,6.9,0.4,10.2,30.3,35.7,60.7,126.7,84.8,0.0,47.2,2.0,0.7,134.7,-11.9,31.5,-17.0,-0.9,17.6,0.0,19.3,397.1,70.0,5.7,749.4,0.5
Wales,Wales,Merthyr Tydfil,W06000024,2019,10.4,15.0,18.3,0.0,1.2,44.8,10.5,12.7,0.1,23.3,4.4,9.3,0.1,13.8,17.1,70.1,5.5,92.8,58.7,0.0,23.5,2.7,0.5,85.3,-9.2,3.4,-0.2,-0.1,1.7,0.0,-4.4,255.6,60.3,4.2,112.0,2.3
Wales,Wales,Monmouthshire,W06000021,2019,19.7,31.5,33.2,0.1,35.3,119.9,23.4,10.8,0.9,35.1,6.4,7.2,0.4,13.9,33.6,77.0,43.1,153.6,156.6,84.4,81.0,5.2,8.7,336.0,-73.1,41.7,-27.4,0.0,23.1,0.0,-35.7,622.8,94.6,6.6,886.1,0.7
Wales,Wales,Neath Port Talbot,W06000012,2019,115.1,28.0,36.9,"6,311.5",7.9,"6,499.4",83.5,27.5,0.5,111.6,31.5,23.6,0.1,55.2,43.0,146.0,37.8,226.8,115.0,108.9,56.1,6.4,1.5,287.9,-35.3,16.1,-4.6,-0.4,8.8,0.0,-15.4,"7,165.5",143.3,50.0,451.9,15.9
Wales,Wales,Newport,W06000022,2019,53.2,104.3,41.8,40.9,6.5,246.7,59.4,31.4,0.5,91.3,23.5,25.6,0.2,49.3,46.3,145.9,19.0,211.2,88.8,205.0,135.8,6.2,2.1,437.8,-12.3,7.5,-6.0,0.0,4.9,0.0,-5.9,"1,030.5",154.7,6.7,217.5,4.7
Wales,Wales,Pembrokeshire,W06000009,2019,56.7,18.6,38.7,0.1,78.2,192.2,111.4,5.6,2.4,119.4,18.4,0.6,0.5,19.5,46.9,78.2,97.3,222.5,119.0,0.0,105.3,2.8,1.2,228.3,-93.2,75.9,-39.2,-0.2,31.2,0.0,-25.5,756.3,125.8,6.0,"1,651.2",0.5
Wales,Wales,Powys,W06000023,2019,29.3,11.5,62.8,8.8,133.2,245.5,33.0,10.2,1.9,45.1,4.7,6.8,0.9,12.4,53.0,66.9,141.3,261.2,201.0,0.0,127.8,2.1,13.6,344.5,-317.2,146.7,-3.0,-13.6,77.7,0.0,-109.4,799.4,132.4,6.0,"5,195.5",0.2
Wales,Wales,Rhondda Cynon Taf,W06000016,2019,43.4,27.6,57.3,6.6,8.0,143.0,30.7,41.8,0.3,72.8,10.3,35.6,0.3,46.2,69.3,266.8,18.9,355.0,207.2,66.8,153.8,8.6,2.3,438.8,-34.6,14.2,-0.6,-0.3,8.0,0.0,-13.3,"1,042.6",241.3,4.3,424.2,2.5
Wales,Wales,Swansea,W06000011,2019,32.3,52.5,21.7,6.0,11.7,124.2,60.1,44.9,0.9,106.0,20.1,42.8,0.2,63.1,73.2,246.6,49.4,369.3,107.9,82.1,173.3,2.9,10.3,376.5,-23.0,16.1,-10.4,-0.2,8.1,0.0,-9.5,"1,029.7",247.0,4.2,420.8,2.4
Wales,Wales,Torfaen,W06000020,2019,30.0,38.4,30.1,2.7,2.3,103.5,17.5,11.8,0.1,29.4,8.5,12.2,0.1,20.8,26.9,94.4,5.6,126.9,58.3,0.0,78.1,1.4,2.5,140.3,-8.6,4.8,-3.0,0.0,2.9,0.0,-3.9,417.0,94.0,4.4,126.2,3.3
Wales,Wales,Vale of Glamorgan,W06000014,2019,28.2,40.8,25.0,526.3,15.1,635.5,35.4,3.5,0.8,39.7,12.5,3.9,0.2,16.6,42.1,128.8,19.0,190.0,60.2,30.2,125.7,7.7,7.5,231.3,-13.7,14.0,-7.7,0.0,10.8,0.0,3.4,"1,116.4",133.6,8.4,339.8,3.3
Wales,Wales,Wrexham,W06000006,2019,71.1,207.1,40.9,10.4,18.4,348.0,49.7,20.3,0.5,70.5,19.2,16.3,0.2,35.6,43.3,116.9,39.2,199.4,137.5,0.0,89.1,2.1,11.0,239.7,-16.7,19.1,-9.9,-3.3,12.1,0.0,1.2,894.4,136.0,6.6,503.8,1.8
Scotland,Scotland,Aberdeen City,S12000033,2019,42.8,24.1,81.8,69.6,5.5,223.8,84.3,70.6,0.6,155.5,19.4,76.9,0.8,97.1,78.0,256.2,7.7,341.9,163.5,0.0,135.4,1.7,27.8,328.5,-13.9,32.2,-16.7,-0.1,6.5,0.0,8.0,"1,154.8",228.7,5.1,205.6,5.6
Scotland,Scotland,Aberdeenshire,S12000034,2019,60.5,27.6,117.0,1.3,171.2,377.6,66.3,28.4,2.8,97.5,10.8,9.4,1.1,21.4,112.0,201.3,169.0,482.4,379.1,0.0,244.2,5.5,3.2,632.0,-420.5,665.0,-304.6,-3.7,159.8,0.0,96.0,"1,706.9",261.2,6.5,"6,338.1",0.3
Scotland,Scotland,Angus,S12000041,2019,22.9,22.4,43.4,4.4,42.6,135.8,32.7,20.5,0.7,53.9,5.0,12.0,0.2,17.2,47.6,110.6,37.6,195.8,157.4,0.0,73.1,3.3,1.1,234.9,-112.8,223.1,-117.8,-2.0,51.2,0.0,41.6,679.2,116.2,5.8,"2,203.9",0.3
Scotland,Scotland,Argyll and Bute,S12000035,2019,18.1,1.2,56.7,11.2,44.3,131.5,26.3,16.5,2.2,44.9,6.0,8.5,1.1,15.5,54.8,61.1,45.5,161.4,144.0,0.0,36.6,1.4,2.2,184.2,-836.7,249.9,180.8,-8.7,144.0,0.0,-270.9,266.7,85.9,3.1,"7,165.2",0.0
Scotland,Scotland,City of Edinburgh,S12000036,2019,45.9,50.3,40.3,1.0,6.6,144.2,202.2,156.6,1.1,359.9,53.9,120.8,0.8,175.5,172.8,536.6,11.4,720.8,295.5,124.5,232.6,9.0,28.5,690.0,-9.7,40.2,-23.9,0.0,8.7,0.0,15.3,"2,105.6",524.9,4.0,273.0,7.7
Scotland,Scotland,Clackmannanshire,S12000005,2019,24.5,33.5,5.5,153.6,3.9,221.1,14.8,56.1,0.1,71.0,5.9,62.4,0.0,68.3,17.3,57.4,5.2,80.0,29.3,0.0,32.1,11.6,0.3,73.3,-9.1,24.0,-11.2,-0.3,5.0,0.0,8.3,521.9,51.5,10.1,163.9,3.2
Scotland,Scotland,Dumfries and Galloway,S12000006,2019,39.0,53.7,60.7,0.3,190.6,344.4,58.1,36.3,1.8,96.2,10.4,11.8,0.9,23.2,64.3,116.3,84.9,265.5,218.8,244.4,69.8,10.4,2.2,545.6,"-1,390.0",654.4,183.2,12.2,201.3,0.0,-339.0,935.9,148.9,6.3,"6,676.3",0.1
Scotland,Scotland,Dundee City,S12000042,2019,17.4,23.5,16.6,0.1,1.0,58.5,40.1,32.3,0.1,72.5,15.4,52.2,0.0,67.7,55.4,146.3,3.8,205.4,74.5,0.0,91.3,1.2,10.2,177.2,-4.0,10.6,-6.3,0.0,2.4,0.0,2.8,584.0,149.3,3.9,62.2,9.4
Scotland,Scotland,East Ayrshire,S12000008,2019,17.9,25.7,23.7,0.1,36.3,103.6,23.9,12.7,0.5,37.1,7.1,13.3,0.4,20.7,38.3,141.5,12.8,192.6,118.8,24.3,80.8,5.4,1.1,230.4,-221.2,106.1,19.3,-14.1,30.6,0.0,-79.3,505.2,122.0,4.1,"1,270.3",0.4
Scotland,Scotland,East Dunbartonshire,S12000045,2019,13.2,2.5,12.2,0.0,4.0,31.9,13.9,13.7,0.1,27.8,6.6,10.3,0.1,17.0,35.4,145.4,4.2,185.0,41.7,0.0,72.5,12.7,0.6,127.5,-8.4,26.1,-12.9,1.8,5.8,0.0,12.4,401.6,108.6,3.7,174.5,2.3
Scotland,Scotland,East Lothian,S12000010,2019,20.5,3.1,24.2,568.0,20.0,635.9,30.8,21.4,0.7,52.9,7.5,19.6,0.1,27.2,38.9,108.5,19.4,166.8,136.4,0.0,65.6,0.5,1.0,203.5,-22.0,85.2,-45.7,0.0,22.2,0.0,39.8,"1,126.2",107.1,10.5,700.9,1.6
Scotland,Scotland,East Renfrewshire,S12000011,2019,3.3,1.7,3.8,0.0,6.0,14.8,9.5,11.4,0.1,20.9,2.9,7.0,0.0,9.9,31.2,124.5,3.7,159.3,34.2,41.7,79.9,3.9,0.8,160.5,-7.0,22.6,7.0,-2.3,5.4,0.0,25.6,390.9,95.5,4.1,174.2,2.2
Scotland,Scotland,Falkirk,S12000014,2019,31.9,79.9,39.6,"1,346.0",8.8,"1,506.2",39.3,20.7,0.6,60.7,13.8,11.7,0.4,25.9,54.9,176.1,15.8,246.8,82.4,149.7,111.2,11.8,1.9,357.0,-19.5,50.1,6.5,14.3,9.7,0.0,61.1,"2,257.7",160.9,14.0,314.9,7.2
Scotland,Scotland,Fife,S12000047,2019,61.1,120.4,172.5,660.9,49.0,"1,063.9",95.8,32.3,1.8,129.9,27.0,28.0,1.0,56.0,124.7,433.9,47.8,606.4,276.3,71.1,225.4,10.4,3.0,586.2,-48.6,211.6,-119.2,25.9,46.4,0.0,116.1,"2,558.6",373.6,6.8,"1,376.2",1.9
Scotland,Scotland,Glasgow City,S12000049,2019,82.1,128.0,83.7,0.4,2.5,296.6,219.7,140.9,1.1,361.6,61.6,148.4,0.2,210.2,192.9,558.2,8.6,759.7,156.4,351.7,255.9,5.3,3.8,773.2,-5.6,24.7,-13.3,0.9,5.8,0.0,12.6,"2,413.9",633.1,3.8,176.4,13.7
Scotland,Scotland,Highland,S12000017,2019,65.3,27.5,150.2,86.5,126.7,456.2,89.8,37.1,6.8,133.7,20.7,28.3,3.1,52.1,133.2,119.9,199.0,452.0,447.1,0.0,111.6,9.7,12.3,580.7,"-1,822.2",655.7,516.0,-16.9,353.2,0.0,-314.2,"1,360.6",235.8,5.8,"26,473.9",0.1
Scotland,Scotland,Inverclyde,S12000018,2019,11.7,10.9,5.8,0.0,3.3,31.7,17.7,8.1,0.1,25.9,5.8,10.8,0.1,16.7,26.3,90.8,2.3,119.5,47.3,0.0,49.3,0.1,0.5,97.2,-6.0,14.9,-1.3,-6.2,4.7,0.0,6.1,297.0,77.8,3.8,173.6,1.7
Scotland,Scotland,Midlothian,S12000019,2019,14.2,4.4,16.7,0.5,11.1,46.8,20.8,16.0,0.4,37.3,7.2,12.3,0.1,19.6,28.8,97.4,11.5,137.7,75.3,0.0,60.6,0.2,0.8,136.9,-26.4,37.1,-3.7,21.8,8.9,0.0,37.8,416.1,92.5,4.5,355.3,1.2
Scotland,Scotland,Moray,S12000020,2019,29.6,133.4,54.2,20.9,49.5,287.7,26.5,82.5,0.7,109.7,5.9,45.0,0.3,51.2,37.4,86.0,42.7,166.1,93.3,0.0,57.4,1.8,1.1,153.6,-302.0,156.6,-31.7,-19.7,54.1,0.0,-142.7,625.4,95.8,6.5,"2,257.2",0.3
Scotland,Scotland,Na h-Eileanan Siar,S12000013,2019,6.3,0.2,20.0,0.0,14.1,40.5,5.9,0.3,0.5,6.7,2.0,0.4,0.5,2.9,17.9,3.5,42.4,63.8,28.9,0.0,12.5,1.2,4.2,46.9,-23.4,110.9,316.8,-26.9,32.1,0.0,409.5,570.3,26.7,21.3,"3,268.4",0.2
Scotland,Scotland,North Ayrshire,S12000021,2019,40.1,210.4,33.1,26.5,19.4,329.5,38.9,47.8,0.7,87.4,10.6,12.3,0.2,23.1,48.9,145.9,13.9,208.6,95.8,0.0,52.1,1.6,0.8,150.3,-35.7,69.6,-11.2,-11.8,24.9,0.0,35.9,834.9,134.7,6.2,903.8,0.9
Scotland,Scotland,North Lanarkshire,S12000050,2019,61.0,56.1,72.1,8.4,11.6,209.1,70.7,60.3,0.8,131.8,31.5,45.2,0.1,76.9,107.9,379.8,19.3,507.0,182.3,305.5,281.3,7.6,3.8,780.5,-37.9,72.7,0.0,56.9,15.9,0.0,107.4,"1,812.7",341.4,5.3,472.3,3.8
Scotland,Scotland,Orkney Islands,S12000023,2019,2.9,0.0,13.7,0.0,40.4,57.0,7.9,0.0,1.0,8.9,1.7,0.0,0.9,2.6,16.8,0.0,25.2,42.0,16.0,0.0,11.7,0.0,3.3,31.1,0.0,59.8,17.2,44.8,13.8,0.0,135.6,277.2,22.3,12.4,"1,086.5",0.3
Scotland,Scotland,Perth and Kinross,S12000048,2019,26.2,7.6,36.1,0.0,86.7,156.6,44.5,30.3,1.8,76.6,8.6,18.9,0.6,28.1,69.3,136.0,61.1,266.5,355.5,114.6,79.4,10.1,2.6,562.2,-367.1,305.4,-126.1,-42.5,93.5,0.0,-136.8,953.1,152.0,6.3,"5,418.9",0.2
Scotland,Scotland,Renfrewshire,S12000038,2019,33.1,24.3,27.0,0.0,7.3,91.7,50.0,51.5,0.3,101.8,14.7,22.3,0.1,37.1,57.9,199.8,5.8,263.5,110.4,99.8,109.5,6.1,20.0,345.9,-7.7,32.4,-14.5,8.6,8.0,0.0,26.8,866.8,179.1,4.8,269.2,3.2
Scotland,Scotland,Scottish Borders,S12000026,2019,23.9,30.5,49.5,0.1,125.5,229.6,34.5,11.1,1.2,46.8,5.7,6.9,0.3,12.9,49.9,99.1,68.4,217.4,170.2,0.0,71.5,0.2,1.2,243.3,-445.9,417.3,-126.6,2.3,104.4,0.0,-48.5,701.4,115.5,6.1,"4,742.7",0.1
Scotland,Scotland,Shetland Islands,S12000027,2019,6.1,0.0,32.9,0.0,21.2,60.2,9.4,0.0,1.2,10.6,2.1,0.0,0.6,2.7,19.9,0.0,19.7,39.6,27.1,0.0,13.3,0.0,7.4,47.8,0.0,83.3,208.3,24.7,18.3,0.0,334.5,495.5,22.9,21.6,"1,657.3",0.3
Scotland,Scotland,South Ayrshire,S12000028,2019,16.5,80.5,32.0,6.8,38.6,174.3,31.7,17.9,0.9,50.6,7.9,11.7,0.1,19.8,40.3,128.7,22.2,191.2,129.7,0.0,72.8,12.2,6.9,221.6,-307.7,105.7,-12.0,-7.1,41.7,0.0,-179.5,478.0,112.6,4.2,"1,234.7",0.4
Scotland,Scotland,South Lanarkshire,S12000029,2019,45.0,24.6,90.1,2.3,47.2,209.1,58.7,50.8,0.9,110.3,14.8,32.0,0.4,47.2,116.1,359.4,46.9,522.5,203.6,335.5,130.6,3.3,2.9,675.9,-186.1,132.2,22.5,50.8,36.6,0.0,56.0,"1,621.0",320.5,5.1,"1,774.0",0.9
Scotland,Scotland,Stirling,S12000030,2019,20.9,89.0,19.0,1.0,29.3,159.2,30.0,21.9,1.3,53.2,5.9,18.9,0.3,25.0,36.0,94.8,21.6,152.3,137.6,65.1,55.2,6.2,1.3,265.4,-225.2,144.0,-12.9,19.3,43.0,0.0,-31.8,623.3,94.2,6.6,"2,254.8",0.3
Scotland,Scotland,West Dunbartonshire,S12000039,2019,13.8,4.7,10.3,0.2,3.6,32.6,19.2,17.0,0.2,36.4,9.6,23.3,0.0,33.0,28.1,93.1,3.4,124.6,83.3,0.0,45.5,0.1,0.7,129.6,62.5,21.1,-7.5,8.5,5.8,0.0,90.4,446.6,88.9,5.0,182.8,2.4
Scotland,Scotland,West Lothian,S12000040,2019,37.7,120.8,37.3,0.0,14.3,210.2,54.6,59.0,0.6,114.3,13.0,22.8,0.2,35.9,57.6,204.6,17.5,279.6,106.3,156.6,117.6,6.1,1.9,388.4,-35.1,62.8,-12.0,-0.7,13.0,0.0,28.1,"1,056.4",183.1,5.8,431.6,2.4
Northern Ireland,Northern Ireland,Antrim and Newtownabbey,N09000001,2019,52.7,13.7,152.0,0.6,29.5,248.5,17.4,25.3,1.9,44.6,4.4,10.2,1.0,15.5,45.8,54.1,168.3,268.2,122.8,94.3,87.0,3.8,14.9,322.8,-19.7,47.2,-51.8,29.3,42.0,0.0,47.1,946.7,143.5,6.6,728.2,1.3
Northern Ireland,Northern Ireland,Ards and North Down,N09000011,2019,19.9,10.9,28.9,0.0,20.1,79.9,20.5,22.6,1.1,44.2,4.7,9.5,0.8,15.0,55.3,89.8,168.1,313.1,119.0,0.0,65.7,4.3,2.4,191.4,-12.7,30.3,-30.4,4.4,26.9,0.0,18.5,662.2,161.7,4.1,566.5,1.2
Northern Ireland,Northern Ireland,"Armagh City, Banbridge and Craigavon",N09000002,2019,77.0,96.5,199.5,10.7,79.0,462.6,34.5,3.0,3.2,40.7,7.6,0.1,1.9,9.5,69.9,23.6,290.6,384.1,237.2,64.7,198.8,5.7,2.6,509.0,-42.0,105.0,-22.9,53.3,83.7,0.0,177.0,"1,583.0",216.2,7.3,"1,437.1",1.1
Northern Ireland,Northern Ireland,Belfast,N09000003,2019,78.6,42.8,54.0,3.0,9.6,188.0,89.1,90.4,1.3,180.8,38.7,95.8,0.9,135.4,100.2,257.0,268.9,626.1,172.5,50.5,64.5,9.0,9.7,306.2,-3.5,8.2,-11.2,0.0,7.7,0.0,1.2,"1,437.6",343.5,4.2,137.7,10.4
Northern Ireland,Northern Ireland,Causeway Coast and Glens,N09000004,2019,26.2,0.0,100.3,0.9,72.9,200.4,23.2,3.0,3.0,29.1,5.1,33.2,1.9,40.3,50.3,13.0,201.1,264.4,158.9,0.0,191.5,4.9,2.9,358.2,-97.8,129.3,-22.9,202.6,111.2,0.0,322.5,"1,214.8",144.8,8.4,"1,985.5",0.6
Northern Ireland,Northern Ireland,Derry City and Strabane,N09000005,2019,56.0,43.6,159.8,104.8,43.3,407.5,29.0,0.6,2.6,32.2,9.4,18.9,2.6,31.0,45.5,26.9,186.3,258.7,117.6,0.0,124.7,0.8,3.0,246.1,-61.9,84.4,-57.2,228.6,71.8,0.0,265.7,"1,241.1",151.3,8.2,"1,251.2",1.0
Northern Ireland,Northern Ireland,Fermanagh and Omagh,N09000006,2019,43.1,0.0,160.7,77.7,110.7,392.1,25.5,0.0,3.5,29.0,5.6,0.0,3.4,9.0,37.8,0.0,168.2,206.0,135.1,0.0,227.7,0.0,4.1,366.9,-148.7,214.4,22.3,346.8,176.2,0.0,611.0,"1,614.0",117.4,13.7,"3,012.1",0.5
Northern Ireland,Northern Ireland,Lisburn and Castlereagh,N09000007,2019,33.0,20.4,97.2,23.8,16.2,190.7,18.2,32.1,1.9,52.3,6.8,34.7,1.0,42.5,47.0,61.0,144.0,252.1,133.8,76.3,81.7,2.7,1.6,296.1,-13.5,32.1,-40.6,0.5,29.5,0.0,7.9,841.5,146.0,5.8,510.4,1.6
Northern Ireland,Northern Ireland,Mid and East Antrim,N09000008,2019,38.6,56.1,217.4,11.8,45.7,369.6,15.0,0.5,1.7,17.2,3.1,0.3,0.9,4.4,46.3,39.3,179.6,265.1,131.4,16.1,121.3,5.5,1.7,276.1,-32.4,70.2,-40.4,90.9,60.3,0.0,148.5,"1,080.9",139.3,7.8,"1,061.4",1.0
Northern Ireland,Northern Ireland,Mid Ulster,N09000009,2019,75.8,24.2,349.7,357.2,92.3,899.2,24.5,0.0,5.1,29.6,3.5,0.0,3.0,6.5,48.1,0.1,191.8,239.9,171.5,12.2,197.7,0.0,2.3,383.6,-66.4,141.2,-42.1,244.0,113.3,0.0,390.1,"1,948.9",148.5,13.1,"1,957.3",1.0
Northern Ireland,Northern Ireland,"Newry, Mourne and Down",N09000010,2019,38.5,0.0,282.7,0.0,70.2,391.4,23.0,22.3,4.0,49.2,4.9,0.5,2.4,7.7,59.3,7.9,242.9,310.2,265.8,0.0,172.2,2.3,2.3,442.5,-46.3,110.5,-114.0,35.7,97.3,0.0,83.2,"1,284.3",181.4,7.1,"1,682.3",0.8
